Lead_ID,App_Engagement_Mins,Web_Configurator_Status,Test_Drive_Completed,Last_Contact_Days,Purchase,Engagement_Density,High_Intent_Signal,Attrition_Risk,Lead_Source_Social Media,Lead_Source_Unknown_Source_999,Lead_Source_Walk-in,Lead_Source_Web Search,Lead_Temperature_Hot,Lead_Temperature_Warm
75efda40,35.90519084803855,0,0,31,0,1.1220372140012047,0,1,False,False,False,False,False,False
1d713dd3,22.41697095323381,1,0,14,0,1.4944647302155873,0,0,True,False,False,False,False,True
c4ce3256,20.734253765564304,0,0,12,0,1.5949425973511002,0,0,False,False,False,True,False,True
24c1931f,20.73453441497701,0,0,4,1,4.146906882995402,0,0,False,False,True,False,True,False
c1494202,,1,0,74,0,,0,0,False,False,False,True,False,False
17a8960e,43.000593464463336,0,0,73,0,0.5810891008711262,0,1,True,False,False,False,False,False
128a04af,16.966170026113485,0,0,51,0,0.32627250050218237,0,1,False,False,False,True,False,False
fc4cc2bc,37.0472171014682,0,0,76,0,0.48113268962945716,0,1,True,False,False,False,False,False
986d1370,29.984403960969704,0,1,40,0,0.7313269258773099,0,1,False,False,True,False,False,False
71d0f98c,3.238724152358781,0,0,52,0,0.061108002874693985,0,1,False,False,False,True,False,False
6b2f3727,10.068634240315594,1,0,49,0,0.20137268480631187,0,1,False,False,False,True,False,False
fa85e10e,31.59248456022245,0,1,14,0,2.1061656373481634,0,0,True,False,False,False,False,True
dbe42a64,65.47765301225293,0,1,6,1,9.353950430321847,0,0,True,False,False,False,True,False
0499ec5a,20.877782774387192,1,0,39,0,0.5219445693596798,0,1,False,False,False,False,False,False
0681eb6b,15.870411585814557,1,0,27,0,0.5668004137790913,0,0,True,False,False,False,False,True
4b479b7b,27.21011312208249,0,0,31,0,0.8503160350650778,0,1,True,False,False,False,False,False
3863e014,15.079267210771464,0,0,14,0,1.0052844807180976,0,0,False,False,False,False,False,True
0a3eb534,,0,0,84,0,,0,0,True,False,False,False,False,False
bba08b77,24.73953718410397,0,0,69,0,0.35342195977291385,0,1,True,False,False,False,False,False
157174fc,9.602059572658254,0,0,64,0,0.1477239934255116,0,1,False,False,False,False,False,False
6853f949,44.55090141319709,0,0,3,1,11.137725353299272,0,0,False,False,True,False,True,False
db39ecb0,8.027721694185601,1,0,10,0,0.7297928812896001,0,0,False,False,True,False,False,True
11c846a7,7.091901657520101,0,0,25,0,0.27276544836615774,0,0,True,False,False,False,False,True
96f3b099,29.009256268322023,0,0,60,0,0.4755615781692135,0,1,True,False,False,False,False,False
52336690,42.20030711968576,0,0,36,0,1.1405488410725881,0,1,False,False,False,False,False,False
fcf11cd2,28.467533615356057,0,0,22,0,1.2377188528415677,0,0,False,False,False,False,False,True
175a858d,22.82668765626901,0,1,84,0,0.2685492665443413,0,1,False,False,True,False,False,False
ced5cea7,19.610721524752115,0,0,39,0,0.4902680381188029,0,1,False,False,False,True,False,False
faaf86d8,,1,0,76,0,,0,0,True,False,False,False,False,False
0650f7ab,51.56698950779174,0,0,22,0,2.2420430220779015,0,0,False,False,False,True,False,True
22866917,31.815659090848836,0,0,15,0,1.9884786931780523,0,0,False,False,False,True,False,True
54de4bce,18.25978220487981,0,1,60,0,0.29934069188327556,0,1,False,False,False,False,False,False
9c098bdb,14.049097939673358,0,0,67,0,0.20660438146578466,0,1,True,False,False,False,False,False
99b583c7,,0,0,79,0,,0,0,True,False,False,False,False,False
c26ffff8,50.75162510103326,0,0,30,0,1.6371491968075247,0,0,False,False,False,False,False,True
275e15dc,47.718146727043326,0,0,52,0,0.9003423910762892,0,1,False,False,False,True,False,False
d48f09d8,12.015705723170203,0,0,24,0,0.4806282289268081,0,0,False,False,False,False,False,True
e35f726d,19.477467019314364,1,0,43,0,0.4426697049844174,0,1,False,False,True,False,False,False
7bcf029d,,1,0,11,0,,0,0,True,False,False,False,False,True
6acec883,21.57432173678983,1,0,89,0,0.23971468596433146,0,1,False,False,True,False,False,False
1fc28302,44.266327850448846,1,0,8,1,4.918480872272094,0,0,False,False,False,False,False,True
12bff1fc,61.53393685810816,0,1,11,1,5.127828071509014,0,0,True,False,False,False,False,True
84d5887a,32.67730710462748,1,0,68,0,0.47358416093663014,0,1,False,False,True,False,False,False
69cd1221,14.472669346383258,0,0,53,0,0.26801239530339366,0,1,False,False,True,False,False,False
1a1714e8,24.31262947333356,1,0,53,0,0.45023387913580665,0,1,False,True,False,False,False,False
93daa19a,69.18809302610377,1,1,27,1,2.471003322360849,1,0,True,False,False,False,False,True
1abb35e4,26.723829023307797,1,0,55,1,0.4772112325590678,0,1,False,False,True,False,False,False
461fd47e,19.645270538633657,1,0,68,1,0.28471406577729935,0,1,False,False,True,False,False,False
5caae5d2,20.98278917701918,0,0,76,0,0.2725037555457036,0,1,False,False,False,True,False,False
8f8e5393,32.572700460720185,0,0,57,0,0.5615982838055205,0,1,False,False,True,False,False,False
e7a8c9ae,12.38447601757894,0,0,77,0,0.15877533355870435,0,1,False,False,True,False,False,False
8b3168fe,16.48795677185044,0,0,74,0,0.21983942362467251,0,1,False,False,True,False,False,False
302cdfb7,47.24658590361376,0,0,41,0,1.124918711990804,0,1,False,False,False,True,False,False
4512bca0,31.921914229845964,0,0,37,0,0.8400503744696306,0,1,False,False,True,False,False,False
d230abb1,26.9274126071832,1,0,67,0,0.3959913618703412,0,1,False,False,True,False,False,False
af783d7f,48.84020347018551,0,0,52,0,0.9215132730223681,0,1,True,False,False,False,False,False
b93a8404,13.72028675672288,1,0,32,0,0.41576626535523875,0,1,True,False,False,False,False,False
77682db5,19.176523758464704,1,0,70,0,0.2700918839220381,0,1,False,False,False,True,False,False
e56a06cc,31.18395457172091,1,0,55,0,0.5568563316378734,0,1,False,False,False,False,False,False
8205dcca,30.403718858960445,1,0,71,0,0.4222738730411173,0,1,True,False,False,False,False,False
892c63fb,6.387683614476196,0,0,50,0,0.12524869832306268,0,1,False,False,False,True,False,False
8f8df1fc,17.70692120407672,1,0,73,0,0.23928271897400974,0,1,False,False,True,False,False,False
799b8aff,22.004975555424096,1,0,42,0,0.5117436175680022,0,1,False,False,True,False,False,False
30193618,33.669083130476515,0,0,14,0,2.244605542031768,0,0,False,False,False,True,False,True
d35dcede,30.326454622763997,0,0,37,0,0.7980645953358947,0,1,False,False,True,False,False,False
a406e0bc,23.58589446001963,1,0,14,0,1.5723929640013088,0,0,False,False,True,False,False,True
b2b9b4ba,3.2115762285900096,0,0,4,1,0.6423152457180019,0,0,False,False,False,False,True,False
b7b868d0,24.490067916771903,0,0,82,0,0.2950610592382157,0,1,False,False,True,False,False,False
49e2aeaa,26.18458541677835,0,0,53,0,0.4848997299403398,0,1,True,False,False,False,False,False
64a86eaa,109.46996683174306,0,0,50,0,2.146469937877315,0,0,False,False,True,False,False,False
2ee1699e,21.456896589459497,0,0,9,0,2.1456896589459498,0,0,False,False,False,True,False,True
69e403fb,31.305892836959963,1,0,11,0,2.6088244030799967,0,0,False,False,False,False,False,True
c0b56159,54.30319138321448,0,1,3,1,13.57579784580362,0,0,False,False,True,False,True,False
16f92ea3,42.57109044708541,0,1,17,1,2.3650605803936338,0,0,False,False,False,True,False,True
7d4e582b,63.19206870917219,0,0,79,0,0.7899008588646523,0,0,True,False,False,False,False,False
160eec76,6.493683291115296,0,0,35,0,0.18038009141986933,0,1,False,False,True,False,False,False
123e8225,10.305928412404883,1,0,24,0,0.4122371364961953,0,0,False,False,False,False,False,True
53dd5fa0,15.559005666633404,0,0,86,0,0.1788391455934874,0,1,False,False,True,False,False,False
1effff75,5.38975792278382,0,0,75,0,0.07091786740505027,0,1,False,False,False,True,False,False
ddd14910,26.351359404122213,0,0,35,0,0.7319822056700614,0,1,False,False,False,False,False,False
f00f98f9,11.087665658557754,0,0,66,0,0.16548754714265304,0,1,False,False,True,False,False,False
8a369217,68.62813120023135,1,0,8,1,7.625347911136817,0,0,True,False,False,False,False,True
0a171249,12.693013206679336,1,0,60,0,0.2080821837160547,0,1,False,False,False,False,False,False
12aee521,19.267548268044592,0,0,52,0,0.3635386465668791,0,1,True,False,False,False,False,False
eb47684e,44.29443239556379,0,0,17,0,2.460801799753544,0,0,False,False,False,True,False,True
58540f91,7.937070854512402,0,0,42,0,0.18458304312819537,0,1,False,False,True,False,False,False
74eb615d,5.003747473649867,0,0,34,0,0.14296421353285332,0,1,True,False,False,False,False,False
455f402f,28.748576156664186,0,0,62,0,0.45632660566133626,0,1,False,False,False,True,False,False
f4cf993a,30.377857286246297,0,0,77,0,0.38945970879802944,0,1,False,False,True,False,False,False
91199750,43.40181959735746,0,1,3,1,10.850454899339365,0,0,False,False,False,True,True,False
fb449a0c,36.53065830041622,0,0,40,0,0.8909916658638103,0,1,True,False,False,False,False,False
54cc274a,31.203355058554337,1,1,44,1,0.6934078901900964,1,1,False,False,False,True,False,False
78c0591f,14.008221254313394,1,1,49,1,0.2801644250862679,1,1,False,False,False,False,False,False
011b71cd,29.772673674554163,0,0,78,0,0.3768692870196729,0,1,False,False,True,False,False,False
7538d294,,1,0,27,0,,0,0,False,False,False,True,False,True
191a3c52,13.561264392127764,0,0,41,0,0.32288724743161346,0,1,True,False,False,False,False,False
9c61a4b6,,0,1,79,0,,0,0,False,False,True,False,False,False
b0dbc717,35.34410356152164,1,0,75,0,0.46505399423054794,0,1,False,False,False,False,False,False
7d7f6b85,10.476926182055948,1,0,68,0,0.1518395098848688,0,1,False,False,True,False,False,False
20545185,43.54916857803393,1,0,0,0,43.54916857803393,0,0,False,False,False,False,True,False
438e7574,48.68092710605849,0,0,38,0,1.248228900155346,0,1,False,False,True,False,False,False
d6e1c5a3,33.87567523142123,0,0,89,0,0.3763963914602359,0,1,False,False,False,True,False,False
26e36815,20.542797572083952,1,0,16,0,1.208399857181409,0,0,False,False,False,True,False,True
5c3d509c,13.060280190693147,0,0,87,0,0.1484122748942403,0,1,True,False,False,False,False,False
ed338f37,23.536457945281477,0,1,34,1,0.6724702270080422,0,1,False,False,False,False,False,False
c2dc835a,32.20538918583453,0,0,45,0,0.7001171562137941,0,1,True,False,False,False,False,False
30967e23,25.252626745374734,0,1,41,0,0.6012530177470174,0,1,False,False,False,True,False,False
e3f6011f,65.03290825481423,0,0,38,0,1.6675104680721597,0,0,False,False,False,False,False,False
101d2bd8,39.17869253770584,0,0,89,0,0.43531880597450934,0,1,True,False,False,False,False,False
72f84be4,11.803800815668978,1,0,48,0,0.2408938941973261,0,1,True,False,False,False,False,False
6ba27d47,9.467814822438356,0,0,61,0,0.1527066906844896,0,1,True,False,False,False,False,False
47a260d5,35.55526672525937,0,0,37,0,0.9356649138226151,0,1,True,False,False,False,False,False
8c022894,20.91753788954026,0,0,22,1,0.9094581691104461,0,0,True,False,False,False,False,True
6f3c3a9f,41.5321821928404,0,0,21,0,1.8878264633109274,0,0,False,False,False,False,False,True
35649da1,35.32958442879738,0,1,3,1,8.832396107199346,0,0,True,False,False,False,True,False
4d7465bc,23.616028191393905,0,1,48,0,0.4819597590080389,0,1,False,False,False,False,False,False
4daca676,11.925910215900853,1,0,58,0,0.20213407145594667,0,1,True,False,False,False,False,False
d3edd0b5,5.642995870297829,0,0,72,0,0.07730131329175109,0,1,False,False,False,True,False,False
04e308ce,29.379311125466845,1,0,67,0,0.43204869302157123,0,1,False,False,False,True,False,False
51e2773c,7.803773004285483,0,0,70,0,0.10991229583500679,0,1,True,False,False,False,False,False
dbc64a79,,0,1,86,0,,0,0,False,False,True,False,False,False
b62367c2,28.09659419979972,0,0,1,0,14.04829709989986,0,0,False,False,False,True,True,False
3ba77c64,26.14423313278938,0,0,48,0,0.5335557782201914,0,1,False,False,False,False,False,False
f7da333b,8.75582934710223,1,1,87,1,0.09949806076252533,1,1,True,False,False,False,False,False
e6949adb,52.3848984528533,0,0,30,0,1.6898354339630097,0,0,False,False,False,False,False,True
f9527b23,51.46287645672613,0,0,39,0,1.2865719114181533,0,1,False,False,True,False,False,False
3ba6c3c5,36.35871312563797,1,0,47,0,0.7574731901174577,0,1,True,False,False,False,False,False
24a3877a,36.32766681146971,1,0,50,0,0.7123071923817591,0,1,False,False,False,True,False,False
13d68d38,36.35902183696097,1,0,42,0,0.8455586473711854,0,1,False,False,False,False,False,False
8bf99d05,48.39839920285595,0,0,54,0,0.8799708945973809,0,1,False,False,False,True,False,False
0d0c6633,39.85463041242373,1,0,87,0,0.45289352741390604,0,1,False,False,False,True,False,False
651554b3,12.821967161213044,0,0,48,1,0.26167279920842945,0,1,True,False,False,False,False,False
4b16d814,20.688727210564803,0,0,89,0,0.22987474678405337,0,1,False,False,False,False,False,False
01d52e38,101.94798297336732,0,0,79,1,1.2743497871670915,0,0,False,False,True,False,False,False
985e3a37,3.472264786069053,0,0,56,0,0.06091692607138689,0,1,False,False,False,True,False,False
30df3825,16.92944564204186,0,0,76,0,0.21986293041612803,0,1,True,False,False,False,False,False
9921954f,,0,0,14,0,,0,0,True,False,False,False,False,True
0d24b29d,13.549002393537547,1,0,26,0,0.5018149034643536,0,0,False,False,True,False,False,True
2203269d,40.60468932523835,0,0,67,0,0.5971277841946816,0,1,True,False,False,False,False,False
98d0f1d7,25.892919575952828,0,0,79,0,0.32366149469941036,0,1,False,False,False,True,False,False
fb4b518b,14.385673755444634,0,0,63,0,0.2247761524288224,0,1,True,False,False,False,False,False
b8f5a8bd,2.715168256817379,1,0,29,0,0.0905056085605793,0,0,False,False,False,False,False,True
f4349eba,28.78728779903202,0,0,35,0,0.799646883306445,0,1,False,False,False,False,False,False
8970768f,12.579139822242665,0,0,66,0,0.18774835555586067,0,1,False,False,False,True,False,False
f49ddea0,22.843310629122115,1,0,85,0,0.2656198910363037,0,1,False,False,False,False,False,False
a3726175,36.10951454888664,1,0,85,1,0.4198780761498446,0,1,False,False,True,False,False,False
d0af3eaa,45.79218447520617,0,0,48,0,0.9345343770450238,0,1,True,False,False,False,False,False
71f1e85e,16.884485336610357,0,0,75,0,0.22216428074487313,0,1,False,False,False,True,False,False
53275b3b,14.362524229862515,1,0,54,0,0.26113680417931845,0,1,False,False,True,False,False,False
55b1bacc,7.669591168924451,0,1,84,0,0.09023048434028766,0,1,True,False,False,False,False,False
b8457c7d,,0,0,55,0,,0,0,False,False,True,False,False,False
1308af0d,92.72588963262912,1,0,67,1,1.3636160240092519,0,0,False,False,False,True,False,False
37fffd6f,50.79714574799502,0,0,43,0,1.154480585181705,0,1,False,False,False,True,False,False
68fba8ff,58.434015789640505,0,0,30,0,1.884968251278726,0,0,False,False,True,False,False,True
20e60dcb,13.647511432834737,0,0,57,0,0.23530192125577132,0,1,True,False,False,False,False,False
705b3116,34.6170249758351,0,0,86,0,0.3978968388027023,0,1,False,False,False,False,False,False
461029ae,43.20104248441166,0,0,52,0,0.8151140091398427,0,1,False,False,False,False,False,False
5909ae7c,9.94707896146982,1,0,83,0,0.11841760668416453,0,1,False,False,True,False,False,False
c6fb9c06,71.80728219398942,0,0,78,0,0.9089529391644231,0,0,False,False,False,True,False,False
90bba704,6.27320150401475,0,0,22,0,0.27274789147890216,0,0,True,False,False,False,False,True
f96ca787,64.58485523843676,0,0,27,0,2.306601972801313,0,0,True,False,False,False,False,True
ef8935c1,6.229231915453813,0,0,15,0,0.3893269947158633,0,0,False,False,False,True,False,True
4c8d7635,10.403064899171625,1,1,36,1,0.2811639161938277,1,1,False,False,False,False,False,False
50464e05,35.05875739704506,0,0,20,0,1.6694646379545268,0,0,True,False,False,False,False,True
8ba43966,26.37621957407919,0,1,78,0,0.3338761971402429,0,1,False,False,True,False,False,False
eb5f165d,18.25614949765517,0,0,16,0,1.0738911469208923,0,0,False,False,False,False,False,True
3510324e,70.0071570808476,0,0,36,0,1.8920853265093946,0,0,False,False,True,False,False,False
43f9a847,7.874590321530868,0,0,76,0,0.10226740677312816,0,1,False,False,False,False,False,False
8ef46c46,22.17438300839489,1,0,18,0,1.1670727899155207,0,0,False,False,False,True,False,True
e1e2988f,38.21092635748357,1,0,29,1,1.2736975452494523,0,0,False,False,True,False,False,True
b0109ac1,30.845713653075475,0,0,44,0,0.6854603034016772,0,1,False,False,True,False,False,False
6c11d4a1,14.776343568029391,0,0,17,0,0.8209079760016329,0,0,False,False,False,True,False,True
1aab71ec,15.235658759481552,1,1,77,0,0.1953289584548917,1,1,False,False,True,False,False,False
5e68a3f8,,1,0,61,0,,0,0,False,False,False,False,False,False
7e6ae41d,46.78036978298656,0,0,35,1,1.299454716194071,0,1,True,False,False,False,False,False
ed5d2a62,31.43548249243285,0,0,83,0,0.37423193443372443,0,1,True,False,False,False,False,False
3b8b869e,12.137579057482846,0,0,51,0,0.2334149818746701,0,1,False,False,False,True,False,False
b4b4e1da,15.645508378675332,1,0,18,0,0.8234478094039649,0,0,False,False,False,False,False,True
12d296e3,24.597422826952915,1,0,43,0,0.5590323369762026,0,1,False,False,True,False,False,False
4c04b2a4,27.341558608773337,0,1,6,1,3.9059369441104765,0,0,False,False,True,False,True,False
fa72d272,37.16154177717133,0,0,43,0,0.8445804949357121,0,1,True,False,False,False,False,False
36e8a7cc,21.28540833964769,1,0,67,0,0.3130207108771719,0,1,False,False,True,False,False,False
e66e86a3,44.63268348753332,1,0,33,1,1.3127259849274506,0,1,True,False,False,False,False,False
2b8aec93,44.2942174301177,1,1,65,1,0.6711245065169348,1,1,False,False,False,True,False,False
5e540d33,59.75930524617787,1,0,68,0,0.8660768876257662,0,1,False,False,True,False,False,False
bea28b80,25.408947438554364,0,0,54,0,0.46198086251917025,0,1,False,False,False,False,False,False
89c6dc92,31.817532630399587,0,0,9,0,3.1817532630399588,0,0,False,False,True,False,False,True
7f15642f,22.563528099211474,0,0,41,0,0.5372268595050351,0,1,True,False,False,False,False,False
b2ea9725,12.266920237754984,0,0,40,0,0.2991931765306094,0,1,False,False,False,True,False,False
4dc9a894,91.35144329752694,0,0,76,1,1.1863823804873628,0,0,True,False,False,False,False,False
5c902927,54.8012509201356,1,0,68,0,0.7942210278280522,0,1,False,False,True,False,False,False
ff130345,43.67764392677825,0,0,9,1,4.367764392677826,0,0,True,False,False,False,False,True
462e5f89,24.763591390382853,1,0,9,0,2.4763591390382853,0,0,True,False,False,False,False,True
92977149,11.339221563164408,0,0,59,0,0.18898702605274012,0,1,False,False,False,True,False,False
dbf0b237,49.03640864329804,1,0,50,0,0.9614982086921184,0,1,False,False,False,False,False,False
3c75e1d8,22.25900686054257,0,0,20,0,1.0599527076448843,0,0,False,False,True,False,False,True
1ca8cec3,,0,0,7,0,,0,0,False,False,False,True,True,False
a8c37fc3,15.595356780847098,0,0,64,0,0.23992856585918612,0,1,False,False,False,False,False,False
a6469f5d,30.0501262746748,0,0,77,0,0.3852580291624974,0,1,True,False,False,False,False,False
d590bdd2,16.411980939303675,1,0,84,0,0.1930821286976903,0,1,False,False,False,False,False,False
149f485f,16.94279279650054,1,1,29,1,0.5647597598833514,1,0,True,False,False,False,False,True
4db3a7ba,29.76824067375265,0,0,84,0,0.3502145961617959,0,1,True,False,False,False,False,False
d1af2b8a,6.13598212640863,0,0,48,0,0.12522412502874755,0,1,False,False,False,True,False,False
feb10569,6.449536179121809,0,0,8,0,0.7166151310135344,0,0,True,False,False,False,False,True
b7c9ab00,13.508616568543822,0,0,16,0,0.7946245040319895,0,0,False,False,False,True,False,True
75d2538c,21.09022731826588,1,0,68,0,0.30565546838066493,0,1,False,False,False,False,False,False
8cbfe8cb,45.557893693294304,1,0,57,0,0.7854809257464536,0,1,False,False,False,False,False,False
530bc7f1,22.02894474502505,0,0,56,0,0.3864727148250009,0,1,True,False,False,False,False,False
c7f330bd,24.643205613592627,1,0,61,0,0.39747105828375207,0,1,False,False,False,True,False,False
faa2fc73,19.816418150721283,0,0,51,0,0.3810849644369477,0,1,True,False,False,False,False,False
30b32ab9,31.784617946079777,1,0,60,1,0.5210593105914717,0,1,False,False,False,True,False,False
c4e09498,,0,0,39,0,,0,0,False,False,False,True,False,False
964de129,22.95245901001624,1,0,37,0,0.6040120792109537,0,1,False,False,False,True,False,False
61655906,33.61387188858867,1,1,42,1,0.7817179508974109,1,1,False,False,False,False,False,False
c31092e5,29.595462123489053,0,1,62,0,0.4697692400553818,0,1,False,False,False,True,False,False
933b9bb6,25.24464449463874,1,0,18,0,1.3286654997178284,0,0,False,False,False,False,False,True
f2fed0c4,25.477647563194743,0,0,49,0,0.5095529512638949,0,1,False,False,False,True,False,False
c74c72cd,35.93685490217659,0,0,32,0,1.0889956030962604,0,1,False,False,False,False,False,False
940280f6,94.17298795318422,0,0,12,1,7.244075996398786,0,0,False,False,True,False,False,True
1d860142,12.890052500282533,1,0,77,0,0.16525708333695555,0,1,False,False,False,False,False,False
5a1f94b7,95.90028490177583,1,0,61,1,1.54677878873832,0,0,False,False,False,False,False,False
9d34d518,12.38684416993929,1,0,42,0,0.2880661434869602,0,1,True,False,False,False,False,False
8ca09188,2.302702429184716,1,0,48,0,0.04699392712621869,0,1,False,False,False,True,False,False
62da656f,16.13835014179738,0,0,35,0,0.44828750393881606,0,1,False,False,True,False,False,False
9476bff4,32.21923891253026,1,0,9,0,3.221923891253026,0,0,True,False,False,False,False,True
07a77c4e,81.77395223970306,0,0,5,0,13.62899203995051,0,0,False,False,False,True,True,False
3e0d77f7,11.325962525282227,0,0,56,0,0.19870109693477592,0,1,False,False,True,False,False,False
2b2a6f62,35.78712143404177,0,1,0,1,35.78712143404177,0,0,False,False,True,False,True,False
7b9457d3,7.158599169749087,1,0,70,0,0.10082534041900124,0,1,False,False,True,False,False,False
ec7be836,79.88084532450314,1,0,57,1,1.3772559538707438,0,0,False,False,False,True,False,False
27ac5299,55.50119716515828,0,1,20,1,2.642914150721823,0,0,False,False,True,False,False,True
38631b38,16.97063789785216,0,1,79,0,0.212132973723152,0,1,False,False,True,False,False,False
0d6590b0,61.45039186617475,1,0,55,0,1.097328426181692,0,0,True,False,False,False,False,False
1d1f8520,22.8468956596681,0,0,86,0,0.26260799608813906,0,1,False,False,False,False,False,False
5de6c0df,57.44730919004511,1,0,19,1,2.8723654595022556,0,0,False,False,False,True,False,True
f86b33fc,25.101681352385253,1,0,53,0,0.4648459509700973,0,1,False,False,False,False,False,False
af8979d0,25.920855790166915,0,0,24,0,1.0368342316066765,0,0,True,False,False,False,False,True
81796993,17.258083189536418,0,0,27,0,0.616360113912015,0,0,False,False,False,False,False,True
6b3e0bd2,39.10512812214844,1,0,4,1,7.821025624429689,0,0,False,False,True,False,True,False
778a1af0,27.402619208494645,1,0,20,1,1.3048866289759355,0,0,False,False,True,False,False,True
3dcc04f5,36.34388917231848,0,0,17,0,2.0191049540176933,0,0,False,False,False,True,False,True
fc4791f0,5.505806077394587,1,0,46,0,0.11714481015733165,0,1,False,False,False,True,False,False
794a423a,58.80196110891774,0,0,69,0,0.840028015841682,0,1,False,False,False,True,False,False
75a640b3,68.67436738967437,0,0,56,0,1.2048134629767433,0,0,True,False,False,False,False,False
3dc0a610,27.307598832467523,1,0,18,0,1.43724204381408,0,0,False,False,False,True,False,True
4a93a408,89.90559962857337,1,0,64,1,1.383163071208821,0,0,True,False,False,False,False,False
cbfede32,76.72562484616718,0,0,2,0,25.575208282055726,0,0,False,False,True,False,True,False
29479e79,39.69587762299494,1,1,41,1,0.9451399434046415,1,1,False,False,False,False,False,False
4943b3e6,61.97241948054389,0,0,20,0,2.951067594311614,0,0,False,False,True,False,False,True
91158635,51.60786372384747,0,0,39,0,1.2901965930961867,0,1,False,False,True,False,False,False
6a261100,,0,0,66,0,,0,0,False,False,True,False,False,False
3bbb522a,20.1374447841892,1,0,24,0,0.8054977913675679,0,0,False,False,False,True,False,True
faefc451,41.628461603396055,0,0,54,0,0.7568811200617465,0,1,False,False,False,True,False,False
e8e8cd58,71.65885947567817,0,0,83,0,0.8530816604247401,0,0,False,False,False,True,False,False
1b69d145,6.666658774715288,0,0,51,0,0.12820497643683246,0,1,False,False,False,False,False,False
81c378d0,,1,0,43,0,,0,0,False,False,False,True,False,False
4d68aff6,23.939677413853456,0,0,84,0,0.2816432636923936,0,1,True,False,False,False,False,False
17def20c,2.53294268093856,1,0,55,0,0.04523111930247429,0,1,False,False,True,False,False,False
7e4d7315,23.31360516345028,0,0,54,0,0.42388373024455056,0,1,False,False,False,False,False,False
f041b4d0,32.79231775456404,0,1,86,0,0.37692319258119583,0,1,False,False,False,False,False,False
85234691,10.85888693284487,0,0,69,0,0.15512695618349814,0,1,False,False,False,False,False,False
9c16425b,23.805761879537503,1,0,76,0,0.30916573869529224,0,1,False,False,False,False,False,False
a4027d53,,1,0,86,0,,0,0,False,False,False,False,False,False
a1382ff1,16.07331115501628,0,0,72,0,0.2201823445892641,0,1,True,False,False,False,False,False
e65ebed4,12.574826965510884,0,0,80,0,0.15524477735198622,0,1,False,False,True,False,False,False
aff23f97,22.98411585811071,0,0,65,0,0.3482441796683441,0,1,False,False,False,False,False,False
4e9b6120,9.833800556091886,0,0,18,0,0.5175684503206256,0,0,False,False,True,False,False,True
99bc4bb2,85.61114999298243,0,0,82,0,1.031459638469668,0,0,False,False,False,True,False,False
5f1fb004,25.68911220846924,0,0,6,0,3.669873172638463,0,0,False,False,False,False,True,False
8f03387c,13.750522609251028,0,0,62,0,0.21826226363890522,0,1,False,False,False,False,False,False
f2cfafad,29.376856373424907,0,0,41,0,0.6994489612720216,0,1,False,False,True,False,False,False
5ce85514,22.88725471207519,0,0,41,0,0.5449346360017903,0,1,False,False,False,False,False,False
592e6d6f,20.96043690291836,1,0,58,0,0.3552616424223451,0,1,False,False,False,False,False,False
5bf97877,16.069798420464224,0,0,19,0,0.8034899210232112,0,0,False,False,False,False,False,True
2976845d,15.4250011487286,0,0,72,0,0.2113013855990219,0,1,True,False,False,False,False,False
95428d5f,5.640527831132326,1,0,16,0,0.3317957547724898,0,0,True,False,False,False,False,True
bb4ab2ac,61.91011024159218,0,0,26,0,2.2929670459848954,0,0,False,False,False,False,False,True
5a4b9155,37.90954365527348,0,0,46,0,0.8065860352185847,0,1,True,False,False,False,False,False
ec2ef674,31.5246923501847,0,1,1,0,15.76234617509235,0,0,False,False,False,True,True,False
bd17acef,22.603800315015715,0,0,62,0,0.35879048119072565,0,1,False,False,False,False,False,False
937b8310,10.68587813491308,0,0,61,0,0.17235287314375936,0,1,False,False,False,True,False,False
754dd974,13.027465979726266,0,0,18,0,0.6856561041961192,0,0,False,False,True,False,False,True
d1ab01af,6.334164358925235,1,0,16,0,0.37259790346619026,0,0,False,False,False,True,False,True
c9895aa3,14.453132090919503,0,0,68,0,0.20946568247709424,0,1,False,False,True,False,False,False
c910bfd0,9.360215305786488,0,0,38,0,0.240005520661192,0,1,False,False,False,False,False,False
12f225c9,73.97019806138262,0,0,81,0,0.9020755861144222,0,0,False,False,True,False,False,False
bf182c1c,46.25422503878657,0,0,70,0,0.6514679582927686,0,1,False,False,True,False,False,False
18be9095,26.528359403527084,0,0,80,0,0.32751060992008746,0,1,False,False,False,True,False,False
a7b189b2,11.755412602736492,1,0,38,0,0.30142083596760233,0,1,False,False,False,True,False,False
8e759cee,9.81298325266278,0,1,35,1,0.2725828681295217,0,1,False,False,False,True,False,False
88342c61,21.492283954236903,0,0,39,0,0.5373070988559225,0,1,False,False,False,False,False,False
8d014e33,47.56626491475556,0,0,44,0,1.0570281092167901,0,1,False,False,False,False,False,False
8dbd245e,6.519602924947248,0,0,3,0,1.629900731236812,0,0,False,False,False,True,True,False
f16fab0a,37.56330578964069,1,0,24,1,1.5025322315856275,0,0,False,False,False,False,False,True
49cb3b7c,14.398508974752769,0,0,68,0,0.20867404311235896,0,1,False,False,False,False,False,False
b2cf6240,16.70357095599316,0,0,29,0,0.5567856985331053,0,0,False,False,True,False,False,True
c5deed7c,25.951438186396487,0,0,75,0,0.3414662919262696,0,1,False,False,True,False,False,False
668be0f0,12.114206751290755,1,0,67,0,0.17815009928368758,0,1,False,False,False,True,False,False
43293dca,20.652400794688194,0,0,87,0,0.2346863726669113,0,1,False,False,False,False,False,False
69af0fd5,11.221776588634455,0,0,28,0,0.3869578134011881,0,0,False,False,True,False,False,True
874e38fd,15.411628602800612,1,0,72,0,0.21111820003836454,0,1,True,False,False,False,False,False
7373331e,42.6666570358708,1,1,67,1,0.6274508387628058,1,1,False,False,False,False,False,False
6fd94b30,26.97331812685792,0,0,50,0,0.5288885907227043,0,1,True,False,False,False,False,False
55217907,42.55601738854971,0,0,23,1,1.7731673911895713,0,0,False,False,False,True,False,True
314eba43,,0,0,13,0,,0,0,False,False,False,False,False,True
b9eddc05,37.7574556573006,0,1,68,0,0.5472095022797189,0,1,False,False,False,True,False,False
af61fc28,4.872008212303175,0,0,17,0,0.27066712290573197,0,0,False,False,False,True,False,True
6a19d178,25.942769642927644,0,0,41,0,0.6176849914982773,0,1,False,False,False,True,False,False
6f85a617,39.51735758771215,0,0,56,0,0.6932869752230202,0,1,False,False,False,True,False,False
c72dd229,4.65417083238544,0,0,82,0,0.05607434737813784,0,1,False,False,False,True,False,False
59155589,14.382515496031354,0,0,11,0,1.1985429580026128,0,0,False,False,False,False,False,True
8f33fa81,25.92915031832721,1,0,81,0,0.31620915022350254,0,1,True,False,False,False,False,False
ff6efa27,49.98840924143956,0,1,16,1,2.940494661261151,0,0,False,False,False,False,False,True
1e4ee5a1,15.40993790420934,0,0,29,0,0.513664596806978,0,0,False,False,False,False,False,True
3f7e128c,36.72707159719576,0,0,87,0,0.41735308633177,0,1,False,False,False,False,False,False
e7848977,64.59562344710827,1,0,74,1,0.8612749792947769,0,0,False,False,True,False,False,False
a348dab6,37.92271258738742,0,0,22,0,1.648813590755975,0,0,False,False,True,False,False,True
0e72145f,,0,1,80,0,,0,0,False,False,False,False,False,False
d67c411f,32.89795595633041,0,0,0,0,32.89795595633041,0,0,True,False,False,False,True,False
5fcde23f,15.033051604447689,0,0,78,0,0.19029179246136316,0,1,False,False,False,False,False,False
0537262c,26.7145723656798,0,0,31,0,0.8348303864274937,0,1,False,True,False,False,False,False
79d33f9c,22.10487671002018,0,0,8,0,2.456097412224464,0,0,False,False,True,False,False,True
08f50441,32.12408371560268,0,0,14,0,2.141605581040179,0,0,False,False,True,False,False,True
4b4afe3a,17.842181947992866,1,0,27,1,0.6372207838568881,0,0,False,False,False,False,False,True
b8436c67,33.44290642961585,0,0,23,0,1.3934544345673272,0,0,False,False,False,False,False,True
c37eb4bd,17.70170312726306,0,1,59,0,0.2950283854543843,0,1,True,False,False,False,False,False
77422566,45.94802359092733,1,0,34,0,1.312800674026495,0,1,True,False,False,False,False,False
1d6d8cc1,19.203125681731024,0,1,85,0,0.22329215908989564,0,1,False,False,False,True,False,False
044f7b7d,2.658343361107703,0,0,26,0,0.09845716152250752,0,0,False,False,False,False,False,True
cdfb3283,10.118827073633383,0,0,82,0,0.1219135792004022,0,1,False,False,False,False,False,False
5e6a2102,25.358369251579067,0,0,75,0,0.33366275331025086,0,1,False,False,False,False,False,False
e49ecc67,73.54379893140494,1,0,19,1,3.677189946570247,0,0,False,False,True,False,False,True
d2283fba,44.746467776572544,1,0,64,0,0.6884071965626545,0,1,False,False,False,True,False,False
1d89089f,1.9750452290779583,0,0,84,0,0.02323582622444657,0,1,True,False,False,False,False,False
94e9fc3d,5.90733573160686,0,0,48,0,0.12055787207360939,0,1,False,False,True,False,False,False
7e722893,54.33344259948695,1,0,0,0,54.33344259948695,0,0,False,False,True,False,True,False
bff1852a,,1,0,9,0,,0,0,False,False,True,False,False,True
af06efa3,99.79024200887132,1,0,46,0,2.1231966384866237,0,0,False,False,True,False,False,False
76485169,17.117864209272728,0,0,58,0,0.2901332916825886,0,1,False,False,False,True,False,False
00763196,11.88987962737676,0,0,61,0,0.19177225205446388,0,1,False,False,False,False,False,False
22db6ec8,26.411640590910952,1,0,85,0,0.3071120998943134,0,1,True,False,False,False,False,False
9c73a7f3,16.844088666374766,0,0,17,0,0.9357827036874871,0,0,True,False,False,False,False,True
e18cc42b,50.95495774433305,0,1,45,0,1.1077164727028923,0,1,False,False,True,False,False,False
bb0e98d1,16.36706913196844,0,0,31,0,0.5114709103740137,0,1,False,False,True,False,False,False
5dd7169c,20.129598303995195,0,0,26,0,0.745540677925748,0,0,False,False,False,True,False,True
722dcdd8,10.432720552266328,0,0,17,0,0.5795955862370182,0,0,False,False,True,False,False,True
a0f59926,42.71084891166429,0,0,38,0,1.0951499720939561,0,1,True,False,False,False,False,False
60d3d25c,11.05682413098802,1,0,48,0,0.22564947206098,0,1,True,False,False,False,False,False
31a1f7b6,33.89118513882315,0,0,81,0,0.41330713583930667,0,1,False,False,False,False,False,False
fd738db5,81.80062334353488,1,1,43,1,1.8591050759894292,1,0,False,False,False,False,False,False
f8c875b4,3.9527271844296257,0,0,71,0,0.05489898867263369,0,1,True,False,False,False,False,False
0ad1d36c,66.60242522022178,0,0,53,0,1.2333782448189217,0,0,True,False,False,False,False,False
e749bff3,30.822924756217297,1,0,33,0,0.9065566104769793,0,1,False,False,False,True,False,False
a452903e,8.92510881782059,0,0,70,0,0.1257057579974731,0,1,False,False,False,True,False,False
8364366e,27.17882056295519,0,0,35,0,0.7549672378598664,0,1,True,False,False,False,False,False
988fc1df,41.85260687954828,0,0,17,0,2.325144826641571,0,0,False,False,True,False,False,True
6f67d8b5,12.604224608889824,0,0,37,0,0.3316901212865743,0,1,False,False,False,False,False,False
fde972f7,,1,1,58,1,,1,0,True,False,False,False,False,False
3a08e7ee,70.28336017567656,1,0,8,1,7.80926224174184,0,0,False,False,True,False,False,True
5491bc9b,16.3495652489623,0,0,72,0,0.22396664724605891,0,1,True,False,False,False,False,False
9ac3e2b4,10.315923175721542,0,0,71,0,0.1432767107739103,0,1,False,False,False,False,False,False
c8d8576c,22.642402047854635,0,0,50,0,0.4439686676049928,0,1,False,False,False,False,False,False
78609eb3,26.09470908040972,1,0,34,0,0.7455631165831349,0,1,False,False,False,True,False,False
93a3dc97,52.73894862160192,0,0,81,0,0.6431579100195356,0,1,False,False,False,True,False,False
4c19e7f8,22.063325065035254,0,0,4,0,4.412665013007051,0,0,False,False,False,True,True,False
307a9d2d,17.61114561732919,0,0,13,1,1.2579389726663706,0,0,False,False,False,True,False,True
292e4c21,10.076311303494313,0,0,29,0,0.33587704344981045,0,0,False,False,False,False,False,True
d4c9c970,4.696368361551433,0,1,3,0,1.1740920903878582,0,0,False,False,True,False,True,False
0f90f783,7.416306342059076,1,0,38,0,0.19016170107843783,0,1,False,False,True,False,False,False
8bba51c1,7.372310725457293,0,1,83,1,0.08776560387449159,0,1,False,False,True,False,False,False
1c96fc4b,20.302445546360136,0,1,63,1,0.31722571166187713,0,1,True,False,False,False,False,False
1c668f79,5.727438214600897,1,0,24,0,0.2290975285840359,0,0,False,False,False,True,False,True
f9f5e0ca,23.96325521578498,1,0,27,1,0.8558305434208922,0,0,False,False,False,True,False,True
283d306a,80.61816178095891,0,0,75,1,1.0607652865915647,0,0,False,False,False,False,False,False
5f841834,53.77686057071257,0,0,65,0,0.8148009177380693,0,1,False,False,False,False,False,False
c68c4002,20.14613248177316,0,0,77,0,0.25828374976632257,0,1,True,False,False,False,False,False
03f6e998,115.27718961071838,0,0,21,1,5.239872255032654,0,0,True,False,False,False,False,True
d5b3c60c,26.16438352458891,0,1,30,1,0.8440123717609326,0,0,False,False,True,False,False,True
fee55f97,29.035427453620617,0,0,22,0,1.2624098892878528,0,0,False,False,False,False,False,True
9c121d85,22.307377651148705,0,0,47,0,0.4647370343989314,0,1,False,False,False,True,False,False
fd69981e,24.3710844126134,1,0,19,0,1.2185542206306699,0,0,False,False,True,False,False,True
012f5b71,15.884117787421266,0,1,37,1,0.4180030996689807,0,1,False,False,False,True,False,False
6ddb1f21,20.380320748015883,0,0,54,0,0.3705512863275615,0,1,False,False,True,False,False,False
4467dccf,66.89867177777455,0,1,67,0,0.9838039967319787,0,0,False,False,False,True,False,False
3e6e8645,57.72659654401632,1,0,78,0,0.7307164119495736,0,1,True,False,False,False,False,False
12930489,2.507991660474104,1,0,87,0,0.028499905232660272,0,1,False,False,True,False,False,False
8f2c4025,6.449160122929129,1,0,88,0,0.07246247329133854,0,1,False,False,False,True,False,False
ab804368,12.76013401189192,1,0,0,0,12.76013401189192,0,0,False,False,False,True,True,False
8886f5b1,47.84932376632371,1,0,6,0,6.835617680903387,0,0,False,False,False,False,True,False
3c3dfe57,58.59254608077711,0,0,56,0,1.0279394049259143,0,1,False,False,True,False,False,False
7acec68e,41.740914264905975,0,0,11,0,3.478409522075498,0,0,False,False,False,True,False,True
35a0563e,,0,0,4,0,,0,0,False,False,False,False,True,False
0266e7b7,16.156216505955747,1,0,49,0,0.32312433011911496,0,1,False,False,False,True,False,False
2bd7c77c,35.72456938447117,1,1,41,1,0.8505849853445516,1,1,False,False,True,False,False,False
000a7dc8,20.628927029048533,0,0,11,0,1.7190772524207112,0,0,True,False,False,False,False,True
39bfb7ea,18.42141871595528,0,0,17,0,1.0234121508864045,0,0,False,False,True,False,False,True
34b3c569,18.641163488640675,0,0,65,0,0.28244187104001023,0,1,False,False,True,False,False,False
be6d5796,54.84109219345398,1,0,73,1,0.7410958404520809,0,1,False,False,False,True,False,False
f89718af,38.333984063209904,0,0,78,1,0.4852403045975937,0,1,False,True,False,False,False,False
49890ae3,19.471990152068265,0,0,16,0,1.1454111854157802,0,0,False,False,True,False,False,True
9a3fa68b,31.862280072502383,0,0,67,0,0.4685629422426821,0,1,False,False,False,False,False,False
72114892,7.755976215318471,0,0,70,0,0.10923910162420382,0,1,False,False,False,False,False,False
71b84940,16.182245414265168,1,0,61,0,0.2610039582945995,0,1,False,False,False,False,False,False
741e4d6c,51.31283171096164,0,0,40,0,1.251532480755162,0,1,False,False,False,True,False,False
66fe3ef9,5.348327740500333,1,0,33,0,0.15730375707353922,0,1,False,False,False,True,False,False
ee9b139c,,0,0,69,0,,0,0,False,False,True,False,False,False
0adcde09,2.472459094127238,0,0,44,0,0.05494353542504974,0,1,True,False,False,False,False,False
5ba62246,74.34258227555218,0,0,57,0,1.2817686599233133,0,0,False,False,False,True,False,False
d9da0278,,1,0,50,0,,0,0,False,False,True,False,False,False
d1b9d243,33.55314896424152,0,1,33,0,0.9868573224776919,0,1,False,False,True,False,False,False
0df83602,27.277890065411043,0,0,43,0,0.61995204694116,0,1,True,False,False,False,False,False
ca3c332c,28.024995344508884,0,0,14,0,1.868333022967259,0,0,False,False,False,False,False,True
835fcebe,31.44681448086728,1,0,77,0,0.40316428821624717,0,1,False,False,True,False,False,False
88bc6b4a,4.353727177506828,0,0,69,0,0.06219610253581183,0,1,False,False,True,False,False,False
dec614db,28.45691664379732,1,0,49,0,0.5691383328759464,0,1,False,False,True,False,False,False
4e9fbaf4,21.60374732848238,0,0,31,0,0.6751171040150744,0,1,False,False,False,False,False,False
c3332682,15.93663001089924,0,0,66,0,0.23786014941640657,0,1,False,False,False,False,False,False
0bfbaa17,12.754099009557075,0,0,2,0,4.251366336519025,0,0,True,False,False,False,True,False
b61af18e,28.987536404757694,0,0,85,0,0.33706437679950807,0,1,False,False,False,True,False,False
f1720e17,10.436948738212884,0,0,85,0,0.12135986904898702,0,1,False,False,False,False,False,False
ad8ffa2b,50.6943991747402,0,0,73,0,0.6850594483072999,0,1,False,False,False,True,False,False
ff4ffd70,35.313975954826475,0,0,50,0,0.6924309010750289,0,1,False,False,False,True,False,False
9c74852e,30.292972890174124,1,0,66,0,0.4521339237339421,0,1,False,False,False,False,False,False
b4c19610,49.26650711830352,0,0,75,0,0.64824351471452,0,1,False,False,True,False,False,False
c59774dd,,1,0,47,0,,0,0,True,False,False,False,False,False
560ba423,7.506108616755269,0,0,16,0,0.4415358009856041,0,0,False,False,False,True,False,True
ee710470,36.42397265578774,0,0,6,0,5.203424665112535,0,0,False,False,True,False,True,False
76e1f18c,13.41505673326942,0,0,12,0,1.0319274410207246,0,0,False,False,False,False,False,True
752918b5,,0,0,65,0,,0,0,False,False,False,True,False,False
5d34b107,6.455837386459568,0,0,3,0,1.613959346614892,0,0,False,False,False,True,True,False
d9b8f04a,10.464009314874827,0,0,9,0,1.0464009314874827,0,0,False,False,False,True,False,True
60be59e4,51.45785476226161,0,0,87,0,0.5847483495711546,0,1,False,False,True,False,False,False
4c13ab74,35.82153631963039,0,0,16,0,2.1071491952723758,0,0,False,False,True,False,False,True
eabc665c,28.752875570581864,1,0,51,0,0.552939914818882,0,1,False,False,True,False,False,False
65aea006,15.42753336469765,1,0,5,1,2.5712555607829417,0,0,False,False,False,True,True,False
3853884a,27.437923480493414,0,0,82,0,0.330577391331246,0,1,False,False,False,True,False,False
b8907ab7,,0,0,68,0,,0,0,True,False,False,False,False,False
bbb9b47e,13.705710307910795,0,0,73,0,0.185212301458254,0,1,True,False,False,False,False,False
fef21cdb,24.32855333505153,0,0,8,0,2.7031725927835035,0,0,False,False,True,False,False,True
f1cd158e,,0,0,76,0,,0,0,False,False,True,False,False,False
2bd32479,41.36268328725727,0,1,82,1,0.498345581774184,0,1,False,False,False,False,False,False
aba65810,15.613145902740053,0,0,20,0,0.7434831382257168,0,0,False,False,True,False,False,True
31a1734f,39.07799716148593,0,1,23,1,1.6282498817285804,0,0,True,False,False,False,False,True
18d9929d,5.254705411928717,0,0,3,0,1.3136763529821793,0,0,True,False,False,False,True,False
54fe92b7,23.586127057562344,1,0,23,1,0.9827552940650977,0,0,True,False,False,False,False,True
8cf18c40,39.048326687052295,1,0,58,0,0.6618360455432593,0,1,False,False,False,True,False,False
13864d12,33.10890180723993,0,0,2,0,11.036300602413311,0,0,False,False,False,True,True,False
88a3484f,38.78597559665318,1,0,67,0,0.5703819940684292,0,1,False,False,True,False,False,False
55b97137,44.8755265706203,1,0,39,1,1.1218881642655076,0,1,False,False,False,False,False,False
148674d4,34.98787888744136,0,0,47,0,0.7289141434883617,0,1,False,False,False,False,False,False
05f0b9a1,34.276503423840005,0,1,53,0,0.6347500634044445,0,1,False,False,False,False,False,False
e2c97b44,29.241380742504298,0,0,34,0,0.8354680212144086,0,1,False,False,False,True,False,False
258042b4,9.365160085969832,1,0,55,0,0.16723500153517556,0,1,True,False,False,False,False,False
86d5b593,51.44253546697607,1,0,88,0,0.5780060164828772,0,1,True,False,False,False,False,False
180f4ef9,24.241814157739952,0,0,39,0,0.6060453539434988,0,1,False,False,False,True,False,False
7dbde427,40.65562807675966,0,0,76,0,0.5279951698280475,0,1,False,False,False,False,False,False
9da8df55,47.92714259059604,0,0,67,0,0.7048109204499418,0,1,False,False,False,False,False,False
895dce82,16.279209817111123,0,0,45,0,0.35389586558937225,0,1,False,False,True,False,False,False
be368b8b,17.49465269586621,0,0,77,0,0.22429041917777193,0,1,False,True,False,False,False,False
e85f3f45,19.478127014007597,1,0,12,1,1.498317462615969,0,0,False,False,False,False,False,True
915ec123,58.05438590317897,0,1,26,1,2.1501624408584803,0,0,False,False,False,True,False,True
08e728af,11.3695090123673,1,0,5,0,1.8949181687278835,0,0,False,False,False,False,True,False
0b46eaa1,64.79306465687512,1,1,16,1,3.8113567445220657,1,0,False,False,True,False,False,True
fe9dc8bf,29.002703569479998,1,0,35,0,0.8056306547077777,0,1,False,False,False,False,False,False
0f9ff4ba,30.536181010678572,0,0,80,0,0.3769898890207231,0,1,False,False,False,True,False,False
a546529c,,0,0,1,0,,0,0,True,False,False,False,True,False
9633451d,26.62751561983875,0,0,76,0,0.345811891166737,0,1,False,False,False,True,False,False
7cf8bd0d,51.82970336339861,0,0,51,0,0.9967250646807424,0,1,False,False,False,True,False,False
0d0fc045,16.26112252560707,0,0,65,0,0.24638064432737986,0,1,False,False,True,False,False,False
547c73ce,63.427837007941946,0,0,51,1,1.219766096306576,0,0,False,False,False,True,False,False
8585462c,17.32719334377029,0,0,42,0,0.402957984738844,0,1,False,False,False,True,False,False
e7c325e6,65.02742888529288,0,0,89,0,0.7225269876143653,0,0,False,False,True,False,False,False
2f3c5d05,17.713977119809773,0,0,21,0,0.8051807781731715,0,0,False,False,True,False,False,True
0d27f39e,19.930648924537707,0,0,54,0,0.3623754349915947,0,1,True,False,False,False,False,False
73c29513,10.1606917071935,1,0,66,0,0.15165211503273882,0,1,False,False,False,False,False,False
e1299e24,12.884450061222738,1,0,59,0,0.2147408343537123,0,1,False,False,False,True,False,False
2d928549,24.33432729439979,0,0,57,0,0.419557367144824,0,1,False,False,True,False,False,False
c40106fa,29.815360486726995,0,1,11,1,2.4846133738939162,0,0,True,False,False,False,False,True
3291c611,49.31618164176081,0,0,87,0,0.5604111550200092,0,1,False,False,False,False,False,False
d979de31,21.080863240422016,0,0,68,0,0.30551975710756546,0,1,False,False,True,False,False,False
109263f0,33.16058418966711,0,0,83,0,0.394768859400799,0,1,False,False,False,False,False,False
625d965c,28.363849434428325,1,0,38,0,0.7272781906263673,0,1,False,False,False,False,False,False
0a0df5ec,35.80021064755476,0,0,12,0,2.7538623575042127,0,0,False,False,False,True,False,True
f861dacf,14.572161791776631,0,0,40,0,0.3554185802872349,0,1,False,False,False,True,False,False
8f1e09f9,16.06264833628574,0,0,56,0,0.281800848005013,0,1,False,False,True,False,False,False
c088b63f,14.576930319589438,0,0,52,0,0.275036421124329,0,1,False,False,False,False,False,False
2796da27,55.81738817442853,0,0,11,0,4.651449014535711,0,0,False,False,True,False,False,True
6a5731e7,63.83058414722242,0,0,12,0,4.910044934401724,0,0,False,False,True,False,False,True
5360c6db,15.496294389291766,0,0,73,0,0.2094093836390779,0,1,False,False,False,False,False,False
9f0a0a7e,15.758530113325005,0,1,56,1,0.2764654405846492,0,1,False,False,True,False,False,False
1c784bbd,39.36879772584259,0,0,39,0,0.9842199431460648,0,1,False,False,False,False,False,False
55e39c20,68.53594630120176,0,0,79,0,0.856699328765022,0,0,False,False,False,False,False,False
07ea4baa,78.39539439021945,0,0,44,1,1.74211987533821,0,0,False,False,False,False,False,False
96e734cc,14.911925098601731,1,0,34,0,0.42605500281719233,0,1,False,False,False,False,False,False
428fc37b,18.218675907660387,0,1,2,0,6.072891969220129,0,0,True,False,False,False,True,False
5b2b18af,30.95440741461633,0,0,4,0,6.190881482923266,0,0,False,False,False,False,True,False
078aa5c4,32.0521345098194,0,1,89,0,0.3561348278868823,0,1,False,False,False,True,False,False
a73a0059,21.727599125816543,0,0,10,0,1.9752362841651403,0,0,False,False,False,True,False,True
1013f248,12.5085069531187,0,0,70,0,0.17617615426927746,0,1,False,False,False,True,False,False
74b888c4,,0,0,55,0,,0,0,False,False,False,False,False,False
9e92dec6,,1,0,9,0,,0,0,False,False,False,True,False,True
ed04994c,16.256429565257577,0,1,33,0,0.4781302813311052,0,1,True,False,False,False,False,False
77eec2a8,29.58886324054272,0,0,66,0,0.4416248244857123,0,1,False,False,True,False,False,False
824ef02f,112.80436241578502,0,0,71,0,1.566727255774792,0,0,False,False,False,False,False,False
64324e85,16.064496658596774,1,0,30,0,0.518209569632154,0,0,False,False,False,True,False,True
436340e5,40.66609420265983,0,0,74,0,0.5422145893687977,0,1,True,False,False,False,False,False
4bf26e46,80.52314833210053,0,0,70,0,1.1341288497478947,0,0,False,False,True,False,False,False
9bc55973,38.27102291235443,0,0,65,0,0.5798639835205217,0,1,True,False,False,False,False,False
4288f5ac,53.20254562005992,0,0,69,0,0.760036366000856,0,1,False,False,False,True,False,False
22b6c707,44.49221398620438,0,0,40,0,1.0851759508830336,0,1,True,False,False,False,False,False
5b274b1f,36.16612752406927,0,1,62,1,0.5740655162550677,0,1,False,False,True,False,False,False
900f626a,62.45346961287984,0,0,31,0,1.951670925402495,0,0,False,False,False,True,False,False
b5ed294e,39.78381304073114,0,0,19,0,1.989190652036557,0,0,False,False,True,False,False,True
6d79d0cf,21.90140604686316,0,0,56,0,0.3842351938046168,0,1,True,False,False,False,False,False
6462c75b,27.95008183610112,0,0,49,0,0.5590016367220224,0,1,False,False,False,False,False,False
8a592a0d,32.84049191540748,1,0,79,1,0.4105061489425935,0,1,False,False,False,False,False,False
13e9e822,18.13041568660207,0,0,24,0,0.7252166274640828,0,0,False,False,False,False,False,True
77b0b37d,28.886214971038843,0,0,11,0,2.4071845809199037,0,0,False,False,False,False,False,True
ec6de5e9,25.91006474398025,0,1,70,1,0.36493048935183453,0,1,False,False,True,False,False,False
40e42fb1,39.698730284258986,0,0,38,0,1.0179161611348457,0,1,False,False,False,False,False,False
638a0e45,94.64598604965497,1,0,16,1,5.567410944097351,0,0,False,False,True,False,False,True
a8717c02,30.146929700751496,0,0,44,0,0.669931771127811,0,1,False,False,False,True,False,False
60272a2d,69.67821284520508,0,0,10,0,6.334382985927735,0,0,False,False,False,False,False,True
0f92ab4e,38.71622620252103,0,0,69,0,0.5530889457503004,0,1,False,False,True,False,False,False
ffa0f113,28.79058137113265,0,1,22,0,1.25176440744055,0,0,False,False,False,False,False,True
5b5f9259,17.31307611052701,0,1,69,0,0.24732965872181442,0,1,False,False,False,False,False,False
25130ec2,28.95003756751531,0,1,37,0,0.7618430938819818,0,1,False,False,False,False,False,False
e6b02d21,27.664363060214537,0,1,1,1,13.832181530107269,0,0,False,False,True,False,True,False
b33f3502,13.745384356768684,1,0,85,0,0.15983005066010098,0,1,True,False,False,False,False,False
012a6b01,,0,0,83,0,,0,0,False,False,False,False,False,False
28456659,33.03921773628014,1,0,88,0,0.3712271655761814,0,1,False,False,False,False,False,False
6dc814de,69.22170394888548,1,0,78,0,0.8762241006188035,0,0,False,False,False,True,False,False
bbeda1cc,,1,0,71,0,,0,0,True,False,False,False,False,False
b1ea9110,6.136516875818191,0,0,36,0,0.1658518074545457,0,1,False,False,True,False,False,False
ed1bca7f,9.98016479361713,0,0,48,0,0.20367683252279856,0,1,False,False,False,True,False,False
cae21270,41.37906113730655,1,0,51,0,0.7957511757174337,0,1,False,False,False,False,False,False
f2577d12,7.499794158950713,0,0,32,1,0.2272664896651731,0,1,False,False,False,True,False,False
3f24bf16,45.98675501036142,0,0,21,0,2.090307045925519,0,0,False,False,False,True,False,True
5cece4bc,39.8231890776892,1,0,4,0,7.96463781553784,0,0,False,False,False,False,True,False
b26f6575,23.128227136591924,1,0,17,0,1.2849015075884402,0,0,True,False,False,False,False,True
cbcef4c5,13.852397935069176,0,0,37,0,0.36453678776497833,0,1,True,False,False,False,False,False
7c726c9f,20.613416713678127,0,0,36,0,0.5571193706399494,0,1,False,False,False,True,False,False
09cb3f24,,0,0,63,0,,0,0,False,False,False,False,False,False
70792f8a,7.752197619151357,1,0,9,0,0.7752197619151356,0,0,False,False,True,False,False,True
524ec137,64.67572965728348,1,0,78,1,0.8186801222440947,0,0,False,False,False,True,False,False
93d1bf34,32.241474854856875,0,0,41,0,0.767654163210878,0,1,False,False,True,False,False,False
0a0891d5,34.929111624782344,0,0,47,1,0.7276898255162988,0,1,False,False,False,True,False,False
1fe0b124,39.62599017821896,1,0,43,1,0.9005906858686128,0,1,False,False,False,True,False,False
c2437e89,60.58263999636863,0,0,81,0,0.7388126828825442,0,0,False,False,False,False,False,False
a1f66e83,29.001985050370767,0,0,86,0,0.33335615000426166,0,1,False,False,False,False,False,False
f26245c8,41.3966033048532,1,0,15,0,2.587287706553325,0,0,False,False,True,False,False,True
00f72266,14.056084366250026,0,0,53,0,0.26029785863425975,0,1,False,False,True,False,False,False
c3f30abe,78.60562266271562,0,0,34,0,2.2458749332204464,0,0,True,False,False,False,False,False
c07415a0,27.56368971410394,0,0,27,0,0.9844174897894264,0,0,False,False,False,False,False,True
4a0bf67e,13.994709410894444,0,0,1,0,6.997354705447222,0,0,False,False,False,True,True,False
1feff312,17.316868605983032,1,0,12,0,1.3320668158448485,0,0,False,False,False,True,False,True
6dba6e5e,3.357855787306109,0,0,40,0,0.08189892164161242,0,1,True,False,False,False,False,False
d28f69b1,17.224210838517862,1,0,79,0,0.21530263548147327,0,1,False,False,False,False,False,False
676957ac,,0,0,58,0,,0,0,False,False,False,True,False,False
df629d22,43.51316839509278,0,0,68,0,0.6306256289143881,0,1,True,False,False,False,False,False
842f2eef,34.17716241805567,0,0,52,0,0.64485212109539,0,1,True,False,False,False,False,False
0e1d5e27,10.560711519250455,0,0,44,0,0.23468247820556568,0,1,False,False,False,True,False,False
9e22438f,24.08740869089544,0,0,19,0,1.204370434544772,0,0,False,False,False,True,False,True
4302c773,24.93030200181028,0,0,23,0,1.0387625834087617,0,0,False,False,True,False,False,True
23e296c8,8.608542122170133,0,0,60,0,0.14112364134705138,0,1,False,False,False,False,False,False
611f68b6,20.960530324214627,0,1,57,0,0.36138845386576945,0,1,False,False,True,False,False,False
b7d6e455,25.52426463829266,1,0,26,0,0.94534313475158,0,0,True,False,False,False,False,True
d533a59b,20.51241511967419,0,0,25,0,0.788939043064392,0,0,False,False,False,True,False,True
aa650760,13.9824464412063,1,0,6,0,1.997492348743757,0,0,False,False,True,False,True,False
f4c0a445,10.187498836703888,0,0,41,0,0.24255949611199734,0,1,True,False,False,False,False,False
5eb35b88,19.94204466858281,0,0,46,0,0.42429882273580444,0,1,False,False,False,False,False,False
83bbc066,15.490203693993143,0,0,52,0,0.29226799422628574,0,1,False,False,False,True,False,False
5c904f37,37.80805571702737,0,0,58,0,0.6408145036784301,0,1,False,False,True,False,False,False
9d5407d6,63.06857906555678,0,1,37,1,1.6596994490935995,0,0,False,False,False,False,False,False
e8710d12,47.52037423489634,1,0,68,0,0.6887010758680628,0,1,False,False,True,False,False,False
12708f19,26.17260729750543,1,0,86,0,0.30083456663799346,0,1,True,False,False,False,False,False
130667ed,14.44824231587062,0,1,52,1,0.27260834558246455,0,1,False,False,False,False,False,False
789f554d,46.65090864266215,0,0,14,0,3.1100605761774767,0,0,False,False,True,False,False,True
d3672a60,39.42754005697366,1,1,25,1,1.5164438483451408,1,0,False,False,False,False,False,True
267ebdbe,60.17276034511271,0,0,47,0,1.2535991738565146,0,0,True,False,False,False,False,False
3d6dd2ff,29.02504808757348,1,0,18,0,1.5276341098722885,0,0,False,False,False,False,False,True
aa3a33a5,75.93590333358252,1,0,8,0,8.43732259262028,0,0,False,False,True,False,False,True
7cf654ba,29.031705121236648,1,0,63,0,0.4536203925193226,0,1,True,False,False,False,False,False
5d6c9ecb,14.388116764850215,0,1,53,0,0.26644660675648546,0,1,False,False,False,True,False,False
d23cded7,16.751562194267795,0,0,50,0,0.32846200380917245,0,1,False,False,True,False,False,False
f784dcfe,36.552953709983655,0,0,38,0,0.9372552233329142,0,1,False,False,True,False,False,False
8de05efc,15.454749248769732,0,0,3,0,3.863687312192433,0,0,True,False,False,False,True,False
b0418fdd,75.5944120285291,1,0,2,1,25.198137342843037,0,0,True,False,False,False,True,False
34a21e8a,34.4370094182957,0,0,63,0,0.5380782721608703,0,1,False,False,False,True,False,False
2c08f8e4,25.743179131615104,0,0,28,1,0.8876958321246587,0,0,False,False,True,False,False,True
63cfb39d,27.397178439312004,1,0,10,1,2.4906525853920005,0,0,True,False,False,False,False,True
d122fa34,20.33980133858422,1,0,57,0,0.35068622997559,0,1,False,False,False,True,False,False
06394885,4.609713105531807,1,0,74,0,0.061462841407090754,0,1,False,False,False,True,False,False
470275da,16.76193485589006,1,0,26,0,0.6208124020700022,0,0,True,False,False,False,False,True
9d4da531,69.54534986547641,0,0,20,0,3.311683326927448,0,0,False,False,True,False,False,True
038638a2,29.60324987531116,0,0,38,0,0.7590576891105426,0,1,False,False,False,False,False,False
3e369dda,51.25308955389893,1,0,45,0,1.1141975989978028,0,1,False,False,False,False,False,False
94cbaa36,52.24643595712632,0,0,65,0,0.7916126660170655,0,1,False,False,False,True,False,False
8beea440,24.261676632019597,0,0,35,0,0.6739354620005443,0,1,False,False,False,False,False,False
bbfdf14f,39.87925523023378,0,0,74,0,0.5317234030697837,0,1,False,False,False,False,False,False
dfbec0fe,5.212597640507174,0,0,81,0,0.06356826390862408,0,1,True,False,False,False,False,False
bec65855,65.8792227751893,1,0,64,0,1.0135265042336816,0,0,False,False,False,True,False,False
8ece3391,62.37978161963088,0,0,62,0,0.9901552638036648,0,0,False,False,True,False,False,False
1613e263,35.83907014415911,0,0,34,0,1.0239734326902603,0,1,False,False,False,True,False,False
0fe3963d,30.395302289109512,0,0,30,0,0.9804936222293391,0,0,True,False,False,False,False,True
82441da4,24.508405414857894,0,0,27,0,0.8753001933877819,0,0,False,False,False,False,False,True
af37c16a,55.2803251627025,0,1,0,1,55.2803251627025,0,0,False,False,True,False,True,False
8806a008,43.11923941185242,0,0,24,0,1.7247695764740967,0,0,False,False,False,True,False,True
b9e970cf,18.61768980785409,1,0,42,0,0.4329695304152114,0,1,False,False,False,False,False,False
46659249,8.981938762185587,0,1,83,0,0.10692784240697127,0,1,False,False,False,True,False,False
4eda87c4,7.375719823930915,0,0,66,0,0.11008537050643157,0,1,False,False,True,False,False,False
6d9eca4b,54.89004820623194,0,0,62,0,0.871270606448126,0,1,False,False,False,True,False,False
e2fa4eb7,24.102350148449958,0,0,50,0,0.4725951009499992,0,1,False,False,False,True,False,False
16829563,35.42241209370266,0,0,1,0,17.71120604685133,0,0,False,False,False,True,True,False
60fb70cd,26.51735263860659,1,1,81,1,0.3233823492512999,1,1,False,False,False,False,False,False
82f40a03,7.476493263033455,0,1,63,1,0.11682020723489774,0,1,False,False,True,False,False,False
abb97211,5.348655211960457,1,0,73,0,0.07227912448595213,0,1,False,False,True,False,False,False
f23f8a22,17.592232097621462,0,0,68,0,0.2549598854727748,0,1,False,False,False,False,False,False
5878c700,18.83793388171911,0,1,8,0,2.0931037646354564,0,0,False,False,False,False,False,True
c8c37de6,18.82822503890745,0,0,1,0,9.414112519453726,0,0,False,False,False,False,True,False
9f01447a,19.274491187684923,1,0,33,0,0.5668967996377918,0,1,True,False,False,False,False,False
86b6aa4e,90.6348425609532,0,1,59,1,1.51058070934922,0,0,False,False,False,True,False,False
b9d118b1,50.729396435307095,0,0,60,0,0.8316294497591327,0,1,False,False,False,True,False,False
40791787,29.9150928094022,0,0,30,0,0.9650029938516839,0,0,False,False,True,False,False,True
2a0a17ee,23.638923308818303,0,0,9,0,2.3638923308818303,0,0,False,False,False,True,False,True
1b1f9c0a,24.286099771178986,0,1,75,0,0.31955394435761825,0,1,True,False,False,False,False,False
afffee53,42.04055063834352,0,0,35,0,1.1677930732873198,0,1,False,False,False,False,False,False
a588e650,23.469279675349007,0,0,84,0,0.2761091726511648,0,1,False,False,True,False,False,False
ce0a2296,47.273988372619954,0,0,48,0,0.9647752729106113,0,1,False,False,True,False,False,False
99e78429,32.32789248265441,0,0,69,1,0.4618270354664916,0,1,False,False,False,True,False,False
d2a294ae,91.1672262581205,1,0,48,1,1.8605556379208263,0,0,False,False,True,False,False,False
bd5b41c4,22.39311431954473,1,0,2,0,7.464371439848243,0,0,False,False,False,False,True,False
05e46f52,53.18586267721996,1,0,73,0,0.718727874016486,0,1,False,False,True,False,False,False
412dd73d,9.785396952059925,0,0,4,0,1.957079390411985,0,0,False,False,False,False,True,False
094fc50d,14.761762785790252,0,1,89,0,0.16401958650878057,0,1,True,False,False,False,False,False
6a366c7d,,0,0,60,0,,0,0,True,False,False,False,False,False
2cf2be1a,45.91731919601707,0,1,84,1,0.5402037552472596,0,1,False,False,False,False,False,False
375b8e9f,35.87975092804483,0,0,89,0,0.3986638992004981,0,1,False,False,False,True,False,False
8e1b026e,106.39831236754875,0,0,25,1,4.09224278336726,0,0,False,False,True,False,False,True
cd68e09e,23.90073410399512,0,0,71,0,0.33195464033326555,0,1,False,False,False,True,False,False
0ec9e678,53.10080229622631,0,0,4,1,10.620160459245263,0,0,False,False,True,False,True,False
b7b5d76a,,1,1,14,1,,1,0,True,False,False,False,False,True
0eba1f0e,71.8472103415702,0,0,15,0,4.490450646348138,0,0,True,False,False,False,False,True
ac0fe308,8.723395174728886,0,0,0,0,8.723395174728886,0,0,False,True,False,False,True,False
3e95e65a,23.778421354515142,0,0,15,0,1.4861513346571964,0,0,False,True,False,False,False,True
277a70cc,31.92217179430369,0,0,36,0,0.8627613998460457,0,1,True,False,False,False,False,False
853a81c2,,0,0,2,0,,0,0,True,False,False,False,True,False
251a11eb,34.85126598853287,1,0,51,0,0.6702166536256322,0,1,True,False,False,False,False,False
b4ba9ec4,55.83240655416374,1,0,46,1,1.1879235437056115,0,1,True,False,False,False,False,False
a0f8dec6,7.966455168844652,0,0,12,0,0.6128042437572809,0,0,False,False,False,True,False,True
e41b1e52,19.66908958020784,1,0,79,0,0.245863619752598,0,1,True,False,False,False,False,False
b78d1ce4,62.22371389167348,1,0,54,0,1.1313402525758816,0,0,True,False,False,False,False,False
26cdf74a,21.7960169051128,1,0,20,0,1.0379055669101334,0,0,False,False,False,True,False,True
94c8665b,25.302902119925115,1,0,65,0,0.3833773048473502,0,1,False,False,False,True,False,False
379d370f,70.33422934341343,0,0,53,0,1.3024857285817302,0,0,False,False,True,False,False,False
78796741,11.92392848360495,0,0,26,0,0.4416269808742574,0,0,False,False,False,False,False,True
4a52fd50,14.555658849112008,0,0,37,0,0.38304365392400025,0,1,True,False,False,False,False,False
24ecaeb7,7.134594138375064,0,0,89,0,0.07927326820416739,0,1,True,False,False,False,False,False
972a1247,72.18372960886647,1,1,57,1,1.2445470622218358,1,0,True,False,False,False,False,False
a1740654,50.096806736147535,0,0,61,1,0.8080130118733473,0,1,False,False,True,False,False,False
2e25ebec,49.23834173339191,1,0,45,0,1.0703987333346068,0,1,True,False,False,False,False,False
feeda9a3,19.22249495318676,1,1,88,1,0.215983089361649,1,1,False,False,False,False,False,False
334c5a9b,6.590962765679433,1,0,10,0,0.5991784332435848,0,0,False,False,False,True,False,True
8787daf8,4.7566997622589415,1,0,71,0,0.06606527447581863,0,1,False,False,True,False,False,False
51194c10,62.52886374715668,0,1,7,1,7.816107968394585,0,0,False,False,False,True,True,False
8b717a9a,37.587187429307086,0,0,70,0,0.5293970060465787,0,1,True,False,False,False,False,False
190d7001,42.76455935935774,0,0,63,0,0.6681962399899647,0,1,True,False,False,False,False,False
bb9123fe,30.850159334518107,0,0,20,0,1.4690552064056241,0,0,True,False,False,False,False,True
e5fe9d09,,0,0,71,0,,0,0,False,False,False,False,False,False
1e61a200,19.94912787308072,0,0,62,0,0.31665282338223366,0,1,False,False,False,False,False,False
dbc3ec99,10.326807348640008,1,0,84,0,0.12149185116047068,0,1,False,False,True,False,False,False
692a2be6,9.140235269005965,0,0,63,0,0.1428161760782182,0,1,False,False,False,True,False,False
78ab8717,47.33290943698714,0,0,19,0,2.366645471849357,0,0,True,False,False,False,False,True
f80149b6,5.252817006362244,0,1,7,0,0.6566021257952805,0,0,True,False,False,False,True,False
5dfaef20,10.392504396378431,0,0,57,0,0.17918111028238676,0,1,True,False,False,False,False,False
f1ffe76e,20.897420208113733,0,1,45,0,0.45429174365464636,0,1,True,False,False,False,False,False
bbd9970c,27.09661141476377,1,1,30,1,0.8740842391859281,1,0,False,False,False,False,False,True
857afc77,7.043193077033292,0,0,8,0,0.7825770085592547,0,0,False,False,False,True,False,True
af2b0593,34.53662273609968,1,0,14,1,2.3024415157399787,0,0,False,False,False,True,False,True
437e076d,29.591597376230617,0,0,25,0,1.1381383606242546,0,0,False,False,True,False,False,True
4b442eb4,61.81325805499887,1,1,9,1,6.1813258054998865,1,0,False,False,False,False,False,True
b2bb0879,27.44385150595642,0,0,28,0,0.9463397071019455,0,0,True,False,False,False,False,True
39003139,37.06579570517981,0,0,79,0,0.4633224463147476,0,1,False,False,False,True,False,False
5af6fb41,13.721083865280034,0,0,35,0,0.38114121848000093,0,1,False,False,False,True,False,False
1fc267c0,14.234809950482926,1,0,83,0,0.16946202322003484,0,1,False,False,False,False,False,False
e2cddb28,7.820497863791185,0,0,36,0,0.2113648071294915,0,1,False,False,True,False,False,False
01bdb700,13.839375655868643,0,0,85,0,0.16092297274265865,0,1,False,False,True,False,False,False
63ae939b,19.712258625066696,1,0,70,0,0.27763744542347457,0,1,True,False,False,False,False,False
fe014e60,57.78266749539698,1,0,22,1,2.5122898911042166,0,0,False,False,True,False,False,True
1c5f027e,12.061753231914745,0,1,40,0,0.2941891032174328,0,1,False,False,False,True,False,False
c620f333,93.79687088168048,1,0,79,0,1.172460886021006,0,0,False,False,True,False,False,False
25a853c0,39.39095217831957,0,1,27,1,1.4068197206542705,0,0,True,False,False,False,False,True
f0d27eef,,0,0,47,0,,0,0,False,False,False,True,False,False
ab6054e2,25.85803892029724,0,0,37,0,0.6804747084288747,0,1,False,False,True,False,False,False
49d53bd1,,1,0,30,0,,0,0,False,False,True,False,False,True
3ba6c462,15.68364128724028,1,0,13,0,1.1202600919457342,0,0,False,False,False,False,False,True
500f1057,6.749623552387252,0,1,72,0,0.09246059660804455,0,1,True,False,False,False,False,False
d771d31a,12.44299322056411,0,0,87,0,0.1413976502336831,0,1,False,False,True,False,False,False
49e8662d,72.0699830031344,0,1,76,1,0.9359738052355117,0,0,False,False,False,False,False,False
8912ddf1,37.716287269198304,1,0,89,0,0.4190698585466478,0,1,False,False,False,True,False,False
d67f0f4d,71.65030535788954,1,0,28,0,2.470700184754812,0,0,False,False,False,False,False,True
bc8abb63,15.342866006612358,0,0,50,0,0.30084050993357564,0,1,False,False,False,False,False,False
4106f941,10.048311668770236,1,0,48,0,0.2050675850769436,0,1,False,False,True,False,False,False
188a0c6b,,1,0,42,1,,0,0,False,False,True,False,False,False
a1add624,12.857386344322778,0,1,71,1,0.17857481033781636,0,1,False,False,True,False,False,False
888992c5,29.80602265346753,0,0,86,0,0.34259796153410954,0,1,False,False,False,False,False,False
0cfb01ae,5.353410366094879,0,0,4,0,1.070682073218976,0,0,False,False,False,True,True,False
19ccd947,2.855980282496771,0,0,41,0,0.06799953053563741,0,1,True,False,False,False,False,False
394f4cf7,32.96568833129828,0,0,6,0,4.709384047328326,0,0,False,False,False,False,True,False
83a8a3b3,73.39024593844866,0,0,41,0,1.7473868080583013,0,0,False,False,True,False,False,False
14cae71e,34.023812394053714,1,0,35,0,0.9451058998348254,0,1,True,False,False,False,False,False
fcb299a7,37.44549663204627,0,0,26,0,1.3868702456313433,0,0,False,True,False,False,False,True
cda55ff2,26.500911118828487,0,0,57,0,0.45691226066945667,0,1,True,False,False,False,False,False
c0f470cd,28.425164159186977,0,0,45,0,0.6179383512866734,0,1,False,False,True,False,False,False
716f7aad,6.400606767691644,0,0,65,0,0.09697889041957036,0,1,False,False,False,False,False,False
32fcd84a,13.29030579608868,0,0,24,0,0.5316122318435472,0,0,False,False,False,False,False,True
63c26234,57.38922266395685,0,0,72,0,0.7861537351226966,0,1,False,False,True,False,False,False
655b7666,19.359716638013197,0,0,26,0,0.7170265421486369,0,0,False,False,False,False,False,True
8e8a81e9,56.61779467176053,0,0,0,1,56.61779467176053,0,0,False,False,True,False,True,False
cbf6564f,27.845979458532373,0,0,86,0,0.3200687294084181,0,1,False,False,False,False,False,False
37d2bf2a,28.906477640972312,0,0,73,0,0.3906280762293556,0,1,False,False,False,False,False,False
9a6426c5,19.479039650889547,1,0,41,0,0.46378665835451305,0,1,False,False,False,False,False,False
fbe8085f,41.372347843003645,0,0,51,0,0.7956220739039163,0,1,False,False,False,True,False,False
bf1bec1b,48.47967701385949,0,0,24,0,1.9391870805543794,0,0,False,False,False,True,False,True
a716e7a3,12.659321455731153,1,0,53,0,0.23443187880983615,0,1,False,False,True,False,False,False
b9828430,7.066458585826109,0,0,66,0,0.10546953113173298,0,1,False,False,False,True,False,False
71b94455,3.636086355304484,0,0,5,0,0.6060143925507474,0,0,False,False,True,False,True,False
5116257b,36.183897753786354,1,1,57,1,0.6238603060997647,1,1,True,False,False,False,False,False
c3a5ecaf,33.30500772335148,0,0,69,0,0.47578582461930685,0,1,True,False,False,False,False,False
43d9f353,111.01956357586286,0,0,52,0,2.0947087467143937,0,0,False,False,False,True,False,False
60ecc28e,26.61833472684061,1,0,65,0,0.4033081019218274,0,1,True,False,False,False,False,False
05c8cd69,23.13348976239271,1,1,57,1,0.39885327176539154,1,1,True,False,False,False,False,False
d59ec09d,30.543750303430187,1,0,81,0,0.3724847597979291,0,1,False,False,False,False,False,False
45ef848d,31.761425363367596,0,1,86,1,0.3650738547513517,0,1,False,False,False,False,False,False
e3e9cd0d,21.762668745556056,0,0,1,0,10.881334372778028,0,0,False,False,True,False,True,False
3ddecdcf,13.03506146724206,0,0,75,0,0.17151396667423766,0,1,True,False,False,False,False,False
ca0a8d17,25.549706285172856,0,0,21,0,1.1613502856896754,0,0,False,False,True,False,False,True
76b71555,24.823826843492935,0,0,36,0,0.6709142390133226,0,1,False,False,True,False,False,False
20c6bd71,24.518480025484216,0,1,19,1,1.2259240012742108,0,0,True,False,False,False,False,True
7e47cbfc,44.41502217940947,1,0,23,1,1.8506259241420613,0,0,False,False,False,True,False,True
76482022,25.201013982381856,0,0,83,0,0.3000120712188316,0,1,True,False,False,False,False,False
62fc6f74,7.229473931669238,0,0,64,0,0.11122267587183443,0,1,False,False,False,False,False,False
2edfad3d,14.95692965173792,0,0,64,0,0.2301066100267372,0,1,True,False,False,False,False,False
b9b28dda,21.55129489769141,0,0,80,0,0.26606536910730133,0,1,False,False,False,True,False,False
d09e16d7,,0,0,0,0,,0,0,False,False,True,False,True,False
6427bb00,36.72428325633709,0,1,2,1,12.241427752112363,0,0,False,False,True,False,True,False
a1a55260,,0,0,45,0,,0,0,False,False,False,False,False,False
98c988cf,2.940085737596752,0,0,54,0,0.053456104319940946,0,1,False,False,False,False,False,False
62e946ef,8.129387251733355,1,0,74,0,0.10839183002311141,0,1,False,False,False,False,False,False
f25fd420,38.51006078724641,1,0,87,0,0.43761432712780013,0,1,False,False,True,False,False,False
1df1539c,21.090301329909995,0,0,85,0,0.2452360619756976,0,1,False,False,False,False,False,False
c6bb38c0,27.9908569982118,0,1,63,0,0.4373571405970594,0,1,True,False,False,False,False,False
0795707e,19.024010419128903,1,0,44,0,0.4227557870917534,0,1,False,False,True,False,False,False
a2971df2,14.903501862781056,1,0,25,0,0.5732116101069636,0,0,False,False,False,True,False,True
eab176e0,19.58823099328694,0,0,76,0,0.25439261030242777,0,1,False,False,True,False,False,False
ea980b02,28.24020346480246,1,1,64,1,0.4344646686892686,1,1,True,False,False,False,False,False
4f4e9ff1,25.05903232998771,0,0,23,0,1.0441263470828213,0,0,True,False,False,False,False,True
ec4ad1da,48.26473825721175,1,0,73,0,0.6522261926650236,0,1,False,False,False,False,False,False
0339be23,5.860742877027236,1,0,34,0,0.16744979648649244,0,1,False,False,True,False,False,False
e82cdfd9,,0,0,23,0,,0,0,False,False,True,False,False,True
0c1844c6,20.895147709774665,1,0,27,0,0.7462552753490952,0,0,False,False,True,False,False,True
2b910a3a,37.019603934225,0,0,79,0,0.46274504917781256,0,1,False,False,False,True,False,False
ab4998dc,42.770835166647416,1,0,15,1,2.6731771979154635,0,0,False,False,False,False,False,True
c8746602,15.41528886991822,0,0,58,0,0.2612760825409868,0,1,True,False,False,False,False,False
11dbe114,0.9065824094136872,1,0,80,0,0.011192375424860335,0,1,True,False,False,False,False,False
ac5025a7,15.843796978663857,0,0,53,0,0.2934036477530344,0,1,False,False,False,False,False,False
8f7291b4,33.380686542046575,0,0,78,0,0.42254033597527313,0,1,True,False,False,False,False,False
cf5bac3f,24.704696458764943,0,0,15,0,1.544043528672809,0,0,True,False,False,False,False,True
95662b3f,37.97948037731396,1,0,14,1,2.5319653584875974,0,0,False,False,False,False,False,True
8aa8fc34,56.06768159258261,1,0,10,0,5.097061962962055,0,0,True,False,False,False,False,True
75e03edf,22.05403166036198,1,0,64,0,0.3392927947747997,0,1,False,False,True,False,False,False
a13e74f1,17.360888042155104,1,0,78,0,0.219758076482976,0,1,False,False,False,True,False,False
3ae96d6d,11.48216172982318,0,0,89,0,0.1275795747758131,0,1,False,False,False,False,False,False
877c48f5,6.732665191095977,0,1,67,0,0.09900978222199966,0,1,False,False,False,True,False,False
78805552,4.963581415206064,0,0,42,0,0.11543212593502473,0,1,True,False,False,False,False,False
67b85409,14.152862619132462,0,1,68,0,0.20511395100191973,0,1,True,False,False,False,False,False
16e09277,51.02860779061003,0,0,12,0,3.9252775223546177,0,0,False,False,True,False,False,True
4de1469d,40.55997108188081,0,0,9,0,4.055997108188081,0,0,False,False,False,False,False,True
0277f84e,16.691940492087866,0,0,74,0,0.22255920656117156,0,1,True,False,False,False,False,False
a85b4808,94.3665442675057,0,0,81,0,1.1508115154573866,0,0,False,False,False,False,False,False
0c73a164,15.009200757619164,0,0,40,0,0.366078067259004,0,1,False,False,False,False,False,False
cf6f82d7,59.630006067612335,0,0,49,1,1.1926001213522468,0,1,False,False,False,False,False,False
0ca969ce,69.06859013813197,1,1,86,1,0.7938918406681835,1,0,False,False,False,False,False,False
40036c25,35.00707324385765,1,0,70,0,0.49305736963179786,0,1,False,False,False,False,False,False
5ab908bf,14.03863816694118,1,0,58,0,0.23794301977866406,0,1,False,False,False,True,False,False
8704c48a,18.57189662201692,0,0,38,0,0.4762024774876133,0,1,False,False,True,False,False,False
b13ce90d,28.749563418322705,0,0,2,0,9.583187806107569,0,0,False,False,False,False,True,False
341b510a,6.9347279453790325,1,0,75,0,0.09124642033393464,0,1,False,False,False,True,False,False
85a656ff,10.510228491861213,0,0,6,0,1.5014612131230305,0,0,True,False,False,False,True,False
3d2d70c7,9.71299028338539,0,1,48,0,0.19822429149766102,0,1,False,False,False,False,False,False
80b12b66,36.89872617676632,0,0,25,0,1.4191817760294738,0,0,True,False,False,False,False,True
1ccba090,55.70788565626437,0,0,32,0,1.6881177471595263,0,1,False,False,False,False,False,False
7b3dcb61,41.66686119386272,0,0,47,0,0.8680596082054733,0,1,False,False,False,True,False,False
345fc9af,49.67418466477703,0,0,78,0,0.6287871476554054,0,1,False,False,False,True,False,False
e9cd0f23,13.02189473423966,0,0,1,0,6.51094736711983,0,0,False,False,False,True,True,False
6c945867,19.25748483599224,0,0,70,0,0.2712321807886231,0,1,False,True,False,False,False,False
07917cd6,20.45043416631684,0,0,31,0,0.6390760676974012,0,1,True,False,False,False,False,False
d9eb8b0b,34.90817045090108,1,0,3,0,8.72704261272527,0,0,False,False,True,False,True,False
d665a88a,14.494222146127496,0,0,19,0,0.7247111073063748,0,0,False,False,False,False,False,True
c13d73ca,47.61571740147241,0,1,35,1,1.322658816707567,0,1,True,False,False,False,False,False
4a13f2fb,67.81638387799123,1,0,31,0,2.119261996187226,0,0,False,False,False,True,False,False
bc189ee2,36.18004316522451,0,0,27,0,1.2921443987580183,0,0,True,False,False,False,False,True
86a8995c,18.57775560195269,0,0,76,0,0.24126955327211283,0,1,False,False,False,True,False,False
3af91c0b,12.015799066792482,0,0,0,0,12.015799066792482,0,0,False,False,True,False,True,False
e0683dcf,9.734677455509969,0,0,59,0,0.16224462425849948,0,1,False,False,True,False,False,False
475add6a,2.9826354161591944,0,0,55,0,0.05326134671712847,0,1,False,False,False,True,False,False
b17ce0e8,20.95554688415586,1,0,34,1,0.5987299109758818,0,1,False,False,False,True,False,False
fda854ab,20.013533757515926,0,0,29,0,0.6671177919171976,0,0,False,False,False,False,False,True
702cefb1,,0,0,53,0,,0,0,False,False,True,False,False,False
eea32e10,15.323344008549192,0,0,35,0,0.425648444681922,0,1,False,False,True,False,False,False
ceeee592,21.901341626269,0,1,54,0,0.39820621138670914,0,1,False,False,False,False,False,False
d13d5bdc,30.881104530329758,0,1,88,0,0.3469787025879748,0,1,False,False,True,False,False,False
8abe1453,,0,0,79,0,,0,0,False,False,False,True,False,False
f57ef278,42.10185844693287,0,0,57,0,0.725894111154015,0,1,True,False,False,False,False,False
70ffabef,28.67186410055347,0,0,82,0,0.34544414578980087,0,1,True,False,False,False,False,False
4476179b,7.357279715878795,0,1,64,0,0.1131889187058276,0,1,False,False,True,False,False,False
67727a68,33.566153006738034,0,0,68,0,0.48646598560489906,0,1,False,False,False,False,False,False
1ddea3b1,14.388935564267738,1,1,50,1,0.28213599145623014,1,1,False,False,False,True,False,False
b9a0ba01,57.4630502828907,0,0,21,0,2.6119568310404864,0,0,True,False,False,False,False,True
6786d965,25.41418885404029,0,0,87,0,0.2887976006140942,0,1,False,False,False,True,False,False
7964f844,29.95798082645756,0,0,52,0,0.5652449212539162,0,1,False,False,True,False,False,False
debfa533,116.80335639778848,1,1,35,1,3.2445376777163464,1,0,False,False,True,False,False,False
febb7f06,42.6099993084589,0,1,67,1,0.6266176368891015,0,1,True,False,False,False,False,False
2b511214,33.13133871015237,0,0,35,0,0.9203149641708992,0,1,False,False,True,False,False,False
0855d472,22.413519506855884,1,0,51,0,0.4310292212856901,0,1,False,False,False,False,False,False
52eb95d3,7.996392631949559,1,0,52,0,0.15087533267829356,0,1,False,False,True,False,False,False
f519545b,21.16680568888256,0,0,81,0,0.25813177669368975,0,1,False,False,True,False,False,False
38408b2a,11.881904371815166,0,0,49,0,0.23763808743630332,0,1,False,False,True,False,False,False
57bf4f0a,73.28437609514265,1,0,79,0,0.9160547011892831,0,0,False,False,False,True,False,False
6877ee48,33.44806456100472,1,0,40,0,0.8158064527074322,0,1,False,False,False,True,False,False
cb84c9a6,56.069671861188056,1,0,17,1,3.114981770066003,0,0,True,False,False,False,False,True
b3afee83,14.9532079666255,0,0,21,0,0.67969127121025,0,0,True,False,False,False,False,True
4d240bb8,12.672750120895088,0,0,65,0,0.1920113654681074,0,1,True,False,False,False,False,False
a56daee7,39.77247855782807,0,0,20,0,1.8939275503727653,0,0,False,False,True,False,False,True
bc070be2,11.451186621871468,1,0,43,0,0.2602542414061697,0,1,False,False,False,True,False,False
ece3ad69,17.449479507499124,0,0,46,0,0.37126552143615155,0,1,False,False,False,False,False,False
5e8c0ed5,75.57095598067322,0,0,38,0,1.937716820017262,0,0,False,False,True,False,False,False
7c72ebb9,18.03215781306668,1,0,28,0,0.6217985452781614,0,0,False,False,True,False,False,True
a6c88a2f,6.364358844657001,0,0,53,0,0.1178584971232778,0,1,False,False,True,False,False,False
682d242d,4.05501557476508,1,0,89,0,0.04505572860850089,0,1,False,False,False,False,False,False
dace3ceb,5.565752888651,0,0,84,0,0.0654794457488353,0,1,True,False,False,False,False,False
b55db736,58.28656109384705,0,0,16,0,3.4286212408145325,0,0,False,False,False,False,False,True
81b4547d,15.763725514624008,0,1,79,0,0.1970465689328001,0,1,True,False,False,False,False,False
03b9ab80,114.46577379484468,1,1,59,1,1.9077628965807447,1,0,False,False,False,False,False,False
cdb1574b,68.33149947784818,0,0,30,0,2.204241918640264,0,0,False,False,False,True,False,True
677d797b,87.44407646524485,0,0,72,0,1.1978640611677376,0,0,False,False,True,False,False,False
db4096b4,50.536555381679406,1,0,77,1,0.647904556175377,0,1,False,False,True,False,False,False
c1b1c329,38.31919747888661,0,1,48,1,0.7820244383446247,0,1,False,False,True,False,False,False
f362deac,12.267182862203406,0,0,1,0,6.133591431101703,0,0,True,False,False,False,True,False
1fc98af6,24.934710831503168,0,0,47,0,0.5194731423229827,0,1,False,False,False,False,False,False
09a95d1f,41.05559253469743,0,0,13,0,2.9325423239069592,0,0,False,False,False,True,False,True
e9237e7f,48.437617280119085,0,0,58,0,0.820976564069815,0,1,False,False,False,False,False,False
dbd0e131,8.76816235531605,0,0,57,0,0.15117521302269052,0,1,False,False,True,False,False,False
6184d149,21.43419512942885,0,0,57,0,0.36955508843842844,0,1,False,False,False,True,False,False
1790f810,23.432832653460935,0,0,50,0,0.45946730693060656,0,1,False,False,False,True,False,False
d0ed4226,22.715705342004647,0,0,83,0,0.2704250635952934,0,1,False,False,True,False,False,False
ab93849a,9.949182822779507,0,0,1,0,4.974591411389754,0,0,False,False,False,False,True,False
5df66533,80.83546470063646,0,0,40,0,1.9715967000155235,0,0,False,False,True,False,False,False
4b4e2d80,20.865630138645205,0,1,82,0,0.25139313420054465,0,1,False,False,False,False,False,False
3d37e337,,0,0,81,0,,0,0,False,False,False,True,False,False
02858286,82.13357407072822,0,0,15,1,5.1333483794205135,0,0,False,False,False,True,False,True
08740e19,68.37442125562987,0,0,3,0,17.093605313907467,0,0,False,False,True,False,True,False
cdd718d3,27.82869850981564,1,0,11,1,2.3190582091513035,0,0,False,False,False,True,False,True
edc4e013,17.01763455547532,0,1,28,0,0.5868149846715627,0,0,True,False,False,False,False,True
71b2f5eb,5.088907685562366,1,0,6,1,0.7269868122231952,0,0,False,False,False,True,True,False
74693475,36.32304997054445,1,1,13,1,2.594503569324604,1,0,True,False,False,False,False,True
86d02e84,16.038092627083305,0,0,11,0,1.3365077189236088,0,0,False,False,False,True,False,True
7df4b4f3,24.4709525407218,0,1,4,1,4.89419050814436,0,0,False,False,True,False,True,False
b197217c,77.41928984484994,0,0,80,0,0.9557937017882709,0,0,False,False,True,False,False,False
153409a7,15.057526956908813,1,0,31,0,0.4705477174034004,0,1,True,False,False,False,False,False
2d1efdff,35.22085060825623,0,0,73,0,0.4759574406521112,0,1,False,False,True,False,False,False
6fe0ba9a,42.96295125997154,0,1,42,1,0.999138401394687,0,1,False,False,False,True,False,False
75eee96c,57.08110011224464,0,1,80,1,0.7047049396573413,0,1,False,False,False,True,False,False
ea339a23,23.110246520201507,1,0,68,0,0.33493110898842765,0,1,False,False,True,False,False,False
4d7d70b6,21.259653900471225,1,1,44,1,0.47243675334380497,1,1,False,False,False,True,False,False
1d516009,20.8657195227958,0,0,8,0,2.3184132803106445,0,0,False,False,False,False,False,True
1fae7046,32.81012480256706,0,0,48,0,0.6695943837258583,0,1,False,False,False,False,False,False
371e9dfd,66.47761998050706,0,0,32,0,2.014473332742638,0,0,False,False,False,True,False,False
8498e106,20.108677675932626,0,0,17,0,1.1171487597740348,0,0,False,False,True,False,False,True
505d74a7,1.3085106118504155,1,0,8,0,0.1453900679833795,0,0,True,False,False,False,False,True
fb96291f,46.324468647308656,0,0,61,0,0.7471688491501396,0,1,False,False,True,False,False,False
7d969be1,26.31983781578264,0,0,56,0,0.46175154062776563,0,1,True,False,False,False,False,False
937858d5,36.38118790348544,0,0,28,1,1.2545237208098428,0,0,False,False,True,False,False,True
31b8db30,5.3074484982560906,1,0,77,0,0.06804421151610372,0,1,False,False,False,True,False,False
3174b02c,16.090699097448205,1,0,24,0,0.6436279638979282,0,0,False,False,False,False,False,True
86b566bd,43.75077616976109,0,0,14,0,2.916718411317406,0,0,False,False,True,False,False,True
e094febe,7.727826112457446,1,0,5,0,1.2879710187429076,0,0,True,False,False,False,True,False
f88b8485,35.16383033247032,0,0,41,0,0.8372340555350076,0,1,False,False,False,False,False,False
17eb17cd,24.316137755787,0,0,28,0,0.8384875088202414,0,0,True,False,False,False,False,True
31cd5ae0,13.302234163170892,0,0,78,0,0.16838271092621382,0,1,False,False,False,True,False,False
d1ac65fb,12.363164404713306,0,0,3,0,3.0907911011783264,0,0,False,False,False,False,True,False
276d7ef4,10.037082659107138,0,0,81,0,0.12240344706228218,0,1,True,False,False,False,False,False
479a735a,26.21354815513508,1,0,56,0,0.4598868097392119,0,1,False,False,True,False,False,False
9f80552c,28.57479791089603,0,0,48,0,0.5831591410386945,0,1,False,False,False,True,False,False
feb0c893,18.544807133809837,0,0,43,0,0.421472889404769,0,1,False,False,False,True,False,False
d4e79df9,9.455185131541633,0,0,79,0,0.1181898141442704,0,1,False,False,False,True,False,False
2033d6ef,34.44267080028116,0,1,74,0,0.4592356106704154,0,1,False,False,True,False,False,False
f3cc95e6,46.90795826439465,1,1,13,1,3.350568447456761,1,0,False,False,True,False,False,True
a5b3bc77,39.0087716115864,0,0,2,0,13.002923870528798,0,0,False,False,False,False,True,False
36949f17,89.75784082345687,0,0,61,0,1.4477071100557561,0,0,False,False,True,False,False,False
8cc6950e,21.622848382290897,1,0,63,0,0.33785700597329527,0,1,False,False,False,False,False,False
45c5a0ff,62.19418536190452,0,0,44,0,1.3820930080423228,0,0,False,False,False,True,False,False
b932a17c,14.461313959424558,0,1,81,0,0.1763574873100556,0,1,False,False,False,False,False,False
55c7a4d0,12.4975898568425,0,0,57,0,0.21547568718693966,0,1,True,False,False,False,False,False
1866cda4,27.4515348544318,0,0,19,0,1.37257674272159,0,0,False,False,False,True,False,True
1a46d171,71.50512671859815,1,0,57,1,1.2328470123896234,0,0,False,False,False,True,False,False
42180e4f,19.764174920019222,1,1,88,0,0.2220693811238115,1,1,False,False,False,False,False,False
cd9ebbb7,5.303005063079586,0,0,56,0,0.0930351765452559,0,1,False,False,False,True,False,False
7d36b1a4,46.29714053478418,1,0,76,0,0.6012615653868075,0,1,False,False,True,False,False,False
f2907b55,23.52277936885227,0,0,67,0,0.3459232260125334,0,1,True,False,False,False,False,False
4ff8c8ff,31.24306634753242,0,0,77,0,0.400552132660672,0,1,False,False,False,False,False,False
664d4a38,13.084727995362202,0,0,51,0,0.2516293845261962,0,1,False,False,False,False,False,False
1d2142c8,27.258248389991355,0,0,36,0,0.7367094159457123,0,1,False,False,False,True,False,False
a7c05bef,6.210725857722365,0,1,7,1,0.7763407322152956,0,0,False,False,True,False,True,False
ae6513a1,81.65141717485278,0,1,43,1,1.8557140267011996,0,0,False,False,False,True,False,False
a404935b,52.28972609369337,1,1,4,1,10.457945218738674,1,0,False,False,False,True,True,False
00a58fd7,26.337172611931823,0,0,68,1,0.3816981537961134,0,1,False,False,False,False,False,False
01fc4be3,45.41687881478453,0,0,30,0,1.4650606069285332,0,0,False,False,False,True,False,True
18d2d553,14.493796650572229,0,0,44,0,0.32208437001271617,0,1,True,False,False,False,False,False
2b8fb2d4,50.71938306495352,0,0,8,0,5.6354870072170575,0,0,False,False,False,True,False,True
fa93616d,19.06133024008789,0,0,31,0,0.5956665700027466,0,1,False,False,False,True,False,False
da2691b7,17.969739797045847,0,0,32,0,0.5445375696074499,0,1,False,False,False,False,False,False
82affdb8,10.690470362553183,1,0,66,0,0.15955925914258481,0,1,False,False,False,True,False,False
4ee0a93f,34.13285053720321,0,0,29,0,1.1377616845734404,0,0,False,False,True,False,False,True
a7316fa9,25.471946785736527,0,0,75,0,0.3351571945491648,0,1,False,False,False,False,False,False
86b36cb8,63.531390512811214,0,0,28,0,2.190737603890042,0,0,False,False,False,True,False,True
49b8e02c,9.5542263484398,0,0,2,0,3.1847421161466,0,0,True,False,False,False,True,False
ed96363f,34.24517797025881,0,0,89,0,0.3805019774473201,0,1,True,False,False,False,False,False
5e02b8c7,55.76346889309672,1,0,56,0,0.9783064718087144,0,1,False,False,False,False,False,False
741154e1,28.95632282217568,0,0,29,0,0.9652107607391893,0,0,False,False,False,False,False,True
94ec2494,18.76564055430895,0,0,8,0,2.085071172700994,0,0,False,False,False,True,False,True
9aa42248,28.40618559678424,0,0,25,0,1.092545599876317,0,0,False,False,True,False,False,True
2ac56a48,60.17983718882864,0,0,1,0,30.08991859441432,0,0,False,False,False,True,True,False
3f978669,60.16305746970518,0,0,61,0,0.9703718946726642,0,0,True,False,False,False,False,False
6c0c86aa,22.78260541065029,1,0,2,1,7.594201803550097,0,0,False,False,True,False,True,False
e0fa6ae1,59.466061839623855,0,0,45,0,1.2927404747744315,0,1,False,False,True,False,False,False
be433a58,,1,0,67,0,,0,0,False,True,False,False,False,False
68be8aa6,45.06737136681557,0,0,24,1,1.802694854672623,0,0,False,False,False,True,False,True
b218329e,37.15236633068665,1,0,50,0,0.7284777711899343,0,1,True,False,False,False,False,False
a185e9be,18.1551346792779,0,0,12,0,1.3965488214829154,0,0,False,False,False,False,False,True
f14eae17,11.054071857383454,0,0,43,0,0.25122890584962393,0,1,False,False,False,True,False,False
1ccc7405,56.75351704963329,0,1,34,1,1.6215290585609512,0,1,False,False,False,False,False,False
d4eca39f,67.5473416662187,1,0,54,1,1.22813348484034,0,0,False,False,True,False,False,False
4ba24be7,33.661508416724175,0,0,86,0,0.3869138898474043,0,1,False,False,True,False,False,False
def3b6d7,24.53437513827952,0,0,8,1,2.726041682031058,0,0,False,False,False,True,False,True
25d80380,8.413343018949877,0,0,1,0,4.206671509474939,0,0,True,False,False,False,True,False
1b625d0f,55.77316685970069,1,0,60,0,0.9143142108147654,0,1,False,False,True,False,False,False
befa3c61,30.896889472370077,0,0,40,0,0.7535826700578068,0,1,False,False,False,False,False,False
3761eea1,20.314017326237757,1,0,43,0,0.461682211959949,0,1,False,False,False,False,False,False
5b85fa84,45.95303863872355,0,0,63,0,0.7180162287300554,0,1,False,False,False,True,False,False
0329c335,6.944176263326723,0,0,30,0,0.22400568591376524,0,0,False,False,False,False,False,True
748862fd,,0,0,46,0,,0,0,True,False,False,False,False,False
da437872,14.038248011225194,1,0,1,0,7.019124005612597,0,0,False,False,True,False,True,False
268a838e,36.33069529540105,0,0,81,0,0.4430572597000128,0,1,False,False,False,False,False,False
0a741fe9,28.641326576198917,1,0,76,0,0.37196528021037556,0,1,False,False,False,False,False,False
17c2a78e,39.415725632030735,0,1,68,0,0.5712424004642136,0,1,False,False,True,False,False,False
7fc8829d,53.23447109584863,0,0,57,0,0.9178357085491143,0,1,False,False,False,True,False,False
ee893f49,,0,0,43,0,,0,0,False,False,False,False,False,False
e0f4cf1c,82.78990573500194,0,0,73,0,1.1187825099324586,0,0,False,False,False,True,False,False
3061f756,53.15056630774142,1,0,55,0,0.9491172554953825,0,1,False,False,False,True,False,False
b5d00796,22.740536185933564,1,1,42,1,0.528849678742641,1,1,False,False,False,False,False,False
cfbb58a9,16.000277423254925,1,0,88,0,0.17977839801410028,0,1,True,False,False,False,False,False
9458b0bf,23.28749258149444,1,1,33,1,0.6849262523968953,1,1,False,False,False,True,False,False
250f1b76,41.40874866245424,0,0,29,0,1.3802916220818078,0,0,False,False,False,False,False,True
0e91f19b,17.47954382201672,0,0,70,0,0.2461907580565735,0,1,False,False,False,True,False,False
bb2ae3fd,42.20974914279145,1,0,69,0,0.6029964163255922,0,1,False,False,True,False,False,False
2c266d2b,38.91020404043309,0,1,54,1,0.7074582552806016,0,1,True,False,False,False,False,False
771998ae,10.908286778738857,1,0,66,0,0.16281025042893815,0,1,True,False,False,False,False,False
954f7fef,52.477890720402094,1,0,12,0,4.036760824646315,0,0,False,False,True,False,False,True
564af675,32.808309747853784,0,0,2,0,10.936103249284594,0,0,False,False,True,False,True,False
5e59a70d,80.1636907450667,1,0,25,1,3.0832188748102576,0,0,False,False,False,True,False,True
50f7c51b,24.62582340294756,0,1,56,0,0.4320319895253958,0,1,False,False,True,False,False,False
f0b45142,19.57654631724377,0,0,23,0,0.8156894298851571,0,0,True,False,False,False,False,True
5414f04a,9.643338742604636,0,0,52,0,0.1819497875963139,0,1,False,False,True,False,False,False
b50141e1,9.49916691354226,0,0,69,0,0.13570238447917513,0,1,False,False,False,False,False,False
ae6bdc93,48.28736393779142,0,0,42,0,1.122961952041661,0,1,False,False,False,False,False,False
ed60d394,74.91094059606189,0,1,59,1,1.2485156766010315,0,0,False,False,False,True,False,False
cec27961,23.031407412522903,1,0,57,1,0.39709323125039486,0,1,True,False,False,False,False,False
73617315,21.87121469777196,1,0,48,0,0.4463513203626931,0,1,False,False,False,False,False,False
63ccdfb2,26.38123876722177,0,1,41,0,0.6281247325528992,0,1,False,False,True,False,False,False
48173ed5,54.92445342472774,0,0,75,0,0.7226901766411544,0,1,False,False,False,False,False,False
820c3fa7,10.99860984985576,1,0,65,0,0.16664560378569332,0,1,False,False,False,False,False,False
3751d6f8,29.90592280183007,0,0,10,0,2.7187202547118243,0,0,False,False,False,True,False,True
df248317,49.03877234263446,0,0,89,0,0.544875248251494,0,1,False,False,True,False,False,False
afb92817,36.013269061583394,0,0,17,0,2.0007371700879664,0,0,False,False,True,False,False,True
6e6954a7,0.6887846416434507,0,1,84,0,0.008103348725217067,0,1,False,False,True,False,False,False
42b8980b,40.55861946816261,0,0,51,0,0.7799734513108194,0,1,False,False,False,True,False,False
bedc3626,36.26352493387887,1,0,45,0,0.7883374985625842,0,1,False,False,True,False,False,False
7cd7ca88,62.15089508338147,0,1,43,1,1.4125203428041244,0,0,False,False,True,False,False,False
a4610900,71.02236904618508,0,0,21,0,3.228289502099322,0,0,False,False,False,False,False,True
1fd9dff9,60.0865620856956,0,0,52,0,1.1337087185980301,0,0,False,False,False,False,False,False
d79a7d5a,26.489402018792696,0,0,58,0,0.44897291557275754,0,1,False,False,True,False,False,False
7ea135d9,5.040395117748224,0,1,29,0,0.16801317059160745,0,0,True,False,False,False,False,True
da0507bf,21.74632347568238,1,0,7,0,2.7182904344602976,0,0,True,False,False,False,True,False
33e9d60c,25.85389928259644,1,0,56,0,0.4535771803964288,0,1,False,False,True,False,False,False
f450dbda,74.28632023804731,0,0,72,0,1.0176208251787302,0,0,True,False,False,False,False,False
4b0d762d,13.202298726350996,1,0,19,0,0.6601149363175498,0,0,False,False,False,True,False,True
8fbaf607,7.160371859423543,1,0,24,0,0.2864148743769417,0,0,False,False,False,False,False,True
f6515226,17.5740520967079,1,0,18,0,0.9249501103530473,0,0,False,False,False,True,False,True
0ce1adcf,13.845698419497102,0,0,4,0,2.7691396838994207,0,0,False,False,False,False,True,False
5dbd0671,6.458536241831735,0,0,74,0,0.08611381655775646,0,1,True,False,False,False,False,False
7b93170f,23.424953189100343,0,1,78,0,0.29651839479873854,0,1,True,False,False,False,False,False
faa25528,26.630661624080734,0,0,71,0,0.3698703003344546,0,1,False,False,True,False,False,False
9944b03f,6.064395044935738,0,0,82,0,0.07306500054139443,0,1,True,False,False,False,False,False
82262d12,19.477521107263215,0,0,86,0,0.22387955295704845,0,1,True,False,False,False,False,False
e79b2109,13.080133580231562,1,0,26,0,0.48444939186042824,0,0,False,False,True,False,False,True
5924abc0,27.294280364762376,1,0,39,0,0.6823570091190594,0,1,False,False,True,False,False,False
415cdec2,,1,0,25,1,,0,0,False,False,False,False,False,True
55492b0b,,0,0,26,0,,0,0,True,False,False,False,False,True
690e15e5,52.16184887269223,0,0,61,0,0.8413201431079392,0,1,False,False,False,False,False,False
6c39996b,25.414973399155382,0,0,82,0,0.3062044987850046,0,1,False,False,False,False,False,False
ff731431,13.637976848395924,0,0,49,0,0.2727595369679185,0,1,False,False,False,True,False,False
9e8c30ac,5.651132344805227,0,0,41,0,0.13455077011441016,0,1,True,False,False,False,False,False
511b056f,30.53787125316257,0,0,28,0,1.0530300432125024,0,0,True,False,False,False,False,True
cd1e55a1,36.20208030961485,0,0,38,0,0.9282584694773038,0,1,False,False,False,True,False,False
f913982a,16.76379532342136,1,0,59,0,0.27939658872368933,0,1,False,False,False,False,False,False
ed4df915,27.951736587252164,0,0,40,0,0.6817496728598089,0,1,True,False,False,False,False,False
37e9adfa,71.02013052550504,1,0,32,0,2.1521251674395465,0,0,False,False,False,False,False,False
b7cc8fc5,46.69924056517101,0,0,82,0,0.5626414525924218,0,1,False,False,False,True,False,False
ef5e0d94,2.1941831093850914,0,0,82,0,0.02643594107692881,0,1,False,False,True,False,False,False
c77b2ab3,13.499508949881124,0,0,15,0,0.8437193093675702,0,0,False,False,False,False,False,True
50116d0e,22.54338859038882,0,0,22,0,0.9801473300169051,0,0,True,False,False,False,False,True
e14f73ab,26.51795670266065,0,1,6,1,3.7882795289515214,0,0,False,False,True,False,True,False
e7542b70,28.41027009172495,0,0,25,0,1.092702695835575,0,0,False,False,False,False,False,True
69b80d13,34.57184610637494,0,1,11,1,2.8809871755312453,0,0,False,False,False,False,False,True
d178ba57,23.139034766302323,0,0,71,0,0.32137548286531004,0,1,False,False,True,False,False,False
5a42011d,25.366800802278014,0,0,4,0,5.073360160455603,0,0,False,False,True,False,True,False
28818bc5,48.37238086106748,1,1,68,1,0.7010489979864851,1,1,False,False,True,False,False,False
0341c906,30.982523185512544,0,0,48,0,0.6322963915410723,0,1,True,False,False,False,False,False
e614b5af,8.748558192793116,1,0,25,0,0.33648300741511983,0,0,True,False,False,False,False,True
545c483f,27.161726276925357,0,0,4,0,5.432345255385071,0,0,False,False,False,False,True,False
fe3ddfd5,22.5925773658096,1,0,21,1,1.0269353348095274,0,0,False,False,False,False,False,True
a50b7760,3.397072235086112,1,0,78,0,0.043000914368178635,0,1,False,False,False,True,False,False
69b04071,28.225133946111843,0,0,12,0,2.171164149700911,0,0,True,False,False,False,False,True
c04b6fb3,9.912679597968378,0,0,27,0,0.3540242713560135,0,0,False,False,False,False,False,True
e87f4ba5,,1,0,32,0,,0,0,False,False,True,False,False,False
9ae538cb,34.21860736564731,0,1,22,1,1.4877655376368395,0,0,False,False,True,False,False,True
4b488bda,8.277320491692041,0,0,17,0,0.4598511384273356,0,0,True,False,False,False,False,True
e9bbb781,47.35773658793718,0,0,29,0,1.5785912195979062,0,0,False,False,True,False,False,True
f0b60c42,,1,0,25,0,,0,0,False,False,False,True,False,True
bbcb7c0d,20.46375867997124,1,0,15,1,1.2789849174982024,0,0,False,False,False,False,False,True
d660e034,22.48827399957873,0,0,76,0,0.29205550648803547,0,1,False,False,False,False,False,False
eddb70f4,44.2176660754096,0,0,38,0,1.1337863096258873,0,1,False,False,False,False,False,False
1be8cd3f,59.71989691435515,0,0,32,0,1.80969384588955,0,1,True,False,False,False,False,False
5c045f30,4.648037082634291,0,0,25,0,0.17877065702439582,0,0,False,False,True,False,False,True
6a4720d0,9.265789276999374,1,0,47,0,0.19303727660415362,0,1,False,False,False,True,False,False
7dd8b653,17.858621476795257,0,1,64,0,0.27474802271992704,0,1,True,False,False,False,False,False
f5080d85,19.496789664928954,0,0,37,0,0.5130734122349725,0,1,False,False,False,False,False,False
2f041b5f,,0,0,1,0,,0,0,False,False,False,True,True,False
b2a1c83e,59.92667332580604,1,0,5,1,9.98777888763434,0,0,False,False,False,False,True,False
7784a432,62.936909037044806,0,0,45,0,1.3681936747183654,0,0,False,False,False,False,False,False
ee1d3707,4.517153384492842,0,1,49,0,0.09034306768985685,0,1,True,False,False,False,False,False
6e5ec07e,12.416310629719115,0,0,37,0,0.3267450165715557,0,1,False,False,False,False,False,False
eccec0d6,15.192555339634538,0,0,87,0,0.17264267431402883,0,1,False,False,False,True,False,False
15496320,12.371024418079784,0,0,17,0,0.6872791343377658,0,0,False,False,False,False,False,True
0a5a7dfe,34.14386185953496,0,0,26,0,1.2645874762790725,0,0,False,False,True,False,False,True
24bc1fbb,37.141036456933314,0,0,40,0,0.9058789379739832,0,1,False,False,False,False,False,False
4c2d7761,,1,0,71,0,,0,0,True,False,False,False,False,False
c1a86322,23.32760181316429,1,1,73,1,0.31523786234005796,1,1,False,False,False,True,False,False
3651da90,18.49750849788762,1,0,16,0,1.08808873516986,0,0,True,False,False,False,False,True
26d5037f,20.31585388355876,0,1,61,0,0.3276750626380445,0,1,False,False,True,False,False,False
84a1542f,70.49420372308079,1,0,28,1,2.4308346111407166,0,0,False,False,False,False,False,True
ccc55ed3,41.07087668240087,0,0,57,0,0.7081185634896702,0,1,True,False,False,False,False,False
019206b8,19.07678259541602,0,0,69,0,0.2725254656488003,0,1,True,False,False,False,False,False
0cf44161,22.979140013774288,0,0,77,0,0.2946043591509524,0,1,True,False,False,False,False,False
1bbb4648,34.710873339271835,0,0,21,0,1.5777669699669017,0,0,True,False,False,False,False,True
60cacdd0,8.27465000022674,0,0,5,0,1.3791083333711234,0,0,False,False,True,False,True,False
63914c31,27.871501645739077,0,0,25,0,1.0719808325284261,0,0,False,False,True,False,False,True
cc491d39,39.50313388042872,0,0,38,0,1.0129008687289416,0,1,False,False,False,False,False,False
75f7d570,36.0071019419794,0,0,11,0,3.0005918284982833,0,0,False,False,False,False,False,True
0cd1495f,12.637259884780324,0,0,13,0,0.9026614203414517,0,0,False,False,False,True,False,True
673241d7,14.80161541387625,0,0,21,0,0.6728007006307387,0,0,False,False,True,False,False,True
87c6b0a8,2.9223035797006207,0,0,50,0,0.05730007019020825,0,1,True,False,False,False,False,False
04ab64ea,42.4601013674578,1,0,22,0,1.8460913638025132,0,0,True,False,False,False,False,True
c62373ce,90.5130914681866,1,0,47,1,1.8856894055872209,0,0,False,False,False,True,False,False
4f8003f5,11.08811212023625,0,1,70,0,0.15617059324276408,0,1,True,False,False,False,False,False
5e2228cd,52.95482380634256,0,0,49,0,1.059096476126851,0,1,False,False,False,True,False,False
b579e55e,85.33086666460247,0,0,88,0,0.9587737827483424,0,0,False,False,False,False,False,False
970f55db,17.028516618326496,1,1,12,1,1.3098858937174227,1,0,False,False,True,False,False,True
fd98dc63,23.003932427114886,0,0,84,0,0.2706344991425281,0,1,False,False,False,True,False,False
d5c46f65,30.24259670350812,0,1,9,1,3.024259670350812,0,0,True,False,False,False,False,True
57e64b87,35.19454750781621,0,0,54,0,0.6399008637784765,0,1,False,False,False,True,False,False
cfe98fe9,31.452428384889718,0,0,8,0,3.4947142649877465,0,0,False,False,False,False,False,True
30f9979f,18.15684918921501,0,0,78,0,0.2298335340406963,0,1,True,False,False,False,False,False
869de3fc,39.07178804507656,1,0,51,1,0.7513805393283953,0,1,False,False,False,False,False,False
93edf290,18.50385683712243,0,0,1,0,9.251928418561215,0,0,False,False,False,False,True,False
a864d45e,33.036617982437384,0,0,24,0,1.3214647192974953,0,0,False,False,False,True,False,True
c595b5d4,24.43759882770632,1,0,12,0,1.8798152944389477,0,0,False,False,False,False,False,True
cd4ca037,3.9850202042209473,1,0,50,1,0.07813765106315583,0,1,True,False,False,False,False,False
dacf65ca,58.26400320642703,0,0,57,0,1.0045517794211556,0,1,False,False,False,False,False,False
f451eafd,15.148180828907297,0,0,33,0,0.4455347302619793,0,1,False,False,False,False,False,False
a23bdf17,62.17860240921158,0,0,34,0,1.776531497406045,0,0,False,False,False,True,False,False
1259c90a,51.53356518309344,1,0,2,1,17.177855061031146,0,0,False,False,False,False,True,False
f06a6257,29.576968591651177,0,1,58,1,0.5013045524008674,0,1,False,False,True,False,False,False
6e1e986d,36.510236077352616,1,0,69,0,0.5215748011050374,0,1,False,False,False,True,False,False
8c960cb7,39.69165116673832,0,1,47,0,0.8269093993070483,0,1,False,False,False,True,False,False
4801e3fe,21.369963154113364,0,0,63,0,0.3339056742830213,0,1,True,False,False,False,False,False
da1df55f,22.18353382101076,0,0,18,0,1.1675544116321452,0,0,True,False,False,False,False,True
51cc7940,38.34571349328213,0,0,66,0,0.5723240819892855,0,1,True,False,False,False,False,False
3c1cc504,24.63945375914285,0,0,81,0,0.3004811434041811,0,1,True,False,False,False,False,False
c3c7bc31,18.205868429363733,0,0,72,0,0.24939545793648948,0,1,False,False,True,False,False,False
e8cfc161,12.821316346412717,0,0,75,0,0.16870153087385154,0,1,False,False,False,True,False,False
3f7bb8ed,33.74001523053481,1,0,4,0,6.7480030461069616,0,0,False,False,False,False,True,False
c209923b,14.721615763900902,0,0,66,0,0.21972560841643138,0,1,True,False,False,False,False,False
a9f14a08,45.69479691013989,1,0,10,1,4.154072446376354,0,0,True,False,False,False,False,True
844b603d,48.37203240488157,0,0,67,0,0.7113534177188466,0,1,True,False,False,False,False,False
d13b7d07,36.310265905753546,0,0,68,1,0.5262357377645441,0,1,False,False,False,False,False,False
6ff14686,41.834293957024855,0,0,0,0,41.834293957024855,0,0,True,False,False,False,True,False
51083930,36.38713339658295,0,0,62,1,0.5775735459775072,0,1,False,False,False,False,False,False
98a0241e,43.923809104299714,1,0,28,1,1.5146141070448178,0,0,False,False,False,True,False,True
b42c8c9f,42.63624609971538,0,0,81,0,0.5199542207282364,0,1,False,False,False,True,False,False
81df120a,32.44202492795343,0,0,11,0,2.703502077329453,0,0,False,False,False,True,False,True
8895d821,51.97687458072004,0,0,76,0,0.6750243452041564,0,1,False,False,True,False,False,False
e1ec5827,21.97331004068064,0,0,40,0,0.5359343912361132,0,1,False,False,False,False,False,False
37c0cb25,13.1715524861808,0,0,1,0,6.5857762430904,0,0,True,False,False,False,True,False
1e2048c7,12.580374933572134,1,0,36,1,0.3400101333397874,0,1,True,False,False,False,False,False
07799503,19.49798337823465,1,1,44,1,0.4332885195163256,1,1,True,False,False,False,False,False
8e6e036a,3.3372074291951708,0,1,79,0,0.041715092864939636,0,1,True,False,False,False,False,False
299cb9c7,29.362061687086698,0,0,47,0,0.6117096184809728,0,1,False,False,True,False,False,False
c393da18,40.062556592110624,0,0,23,0,1.6692731913379426,0,0,True,False,False,False,False,True
f3bbde5f,47.90581826355486,0,0,21,0,2.1775371937979484,0,0,False,False,True,False,False,True
d8cbf3bb,5.003239740409659,0,0,10,0,0.4548399764008781,0,0,False,False,False,False,False,True
4e54ac7a,12.94769931879764,0,0,57,0,0.22323619515168347,0,1,False,False,False,True,False,False
07aee4ca,44.74844499679115,0,0,45,1,0.972792282538938,0,1,True,False,False,False,False,False
55aafc0c,21.431282247297897,0,1,28,1,0.7390097326654448,0,0,False,False,False,True,False,True
13be2d6e,,0,0,34,0,,0,0,False,False,False,False,False,False
44b269b6,7.861662118711152,0,0,14,0,0.5241108079140768,0,0,False,False,False,False,False,True
4cf02919,61.6900527628011,0,0,59,0,1.028167546046685,0,0,True,False,False,False,False,False
5e6d7064,7.255042831582676,0,0,41,0,0.17273911503768277,0,1,False,False,False,False,False,False
755883bf,28.73190858171088,1,0,42,0,0.6681839205049042,0,1,False,False,False,True,False,False
8a7e679b,29.283788411571017,0,1,79,0,0.3660473551446377,0,1,True,False,False,False,False,False
aaab5c81,16.63689996955823,0,0,73,0,0.2248229725615977,0,1,False,False,True,False,False,False
6461e01f,35.405728215270074,0,0,48,0,0.7225658819442872,0,1,True,False,False,False,False,False
f261c2fc,36.12146425838817,1,0,63,0,0.5643978790373152,0,1,False,False,False,True,False,False
fa5bb730,33.39505816287343,0,0,31,0,1.0435955675897948,0,1,True,False,False,False,False,False
19a508e2,16.382445023971492,0,0,63,0,0.25597570349955456,0,1,True,False,False,False,False,False
f7610d00,13.815785248821657,0,0,1,0,6.907892624410828,0,0,False,False,False,True,True,False
1bf947b2,17.882336811220387,1,0,23,0,0.7450973671341828,0,0,True,False,False,False,False,True
9baeef9c,12.216401345075337,1,0,86,0,0.14041840626523375,0,1,True,False,False,False,False,False
6c82f151,53.59846968396147,0,0,65,0,0.8120980255145677,0,1,False,False,False,True,False,False
87e893a9,19.172750117352077,1,0,37,0,0.5045460557197915,0,1,False,False,False,False,False,False
4d792e60,28.127283834352266,1,0,30,1,0.9073317365920086,0,0,False,False,False,True,False,True
51642564,44.62361912737125,1,0,25,1,1.7162930433604326,0,0,True,False,False,False,False,True
3141f3c1,11.687090040787805,0,0,28,0,0.4030031048547519,0,0,False,False,True,False,False,True
ea25623a,6.945072888906482,0,0,66,0,0.10365780431203706,0,1,False,True,False,False,False,False
b9bb995d,12.254429602626509,0,0,77,0,0.15710807182854497,0,1,False,False,False,True,False,False
8f1b918f,30.43695977609911,1,0,24,1,1.2174783910439644,0,0,False,False,True,False,False,True
e2ab9d1a,28.939359914679557,0,0,47,0,0.6029033315558241,0,1,True,False,False,False,False,False
024ed7fd,33.34925152054514,0,0,64,1,0.5130654080083867,0,1,True,False,False,False,False,False
fa4bce0c,23.053919722485297,0,0,52,0,0.43497961740538293,0,1,False,False,False,True,False,False
787b7126,1.2694089559128094,1,0,66,0,0.01894640232705686,0,1,True,False,False,False,False,False
c3918ee9,22.4888077654572,1,0,89,0,0.24987564183841332,0,1,False,False,False,False,False,False
514eaf27,48.74199116801836,0,0,17,0,2.707888398223242,0,0,True,False,False,False,False,True
19b16812,57.39048793319205,1,0,8,0,6.376720881465783,0,0,False,False,False,True,False,True
3e1ceffe,26.75644759106352,0,0,37,0,0.7041170418700926,0,1,False,False,False,False,False,False
feaf3b19,29.01897557327959,1,0,86,0,0.33355144337102977,0,1,False,False,False,False,False,False
40574226,38.92070330636764,0,0,20,0,1.8533668241127448,0,0,False,False,True,False,False,True
629e3b8e,,0,0,64,0,,0,0,True,False,False,False,False,False
191e18f1,25.01022527306152,1,0,20,1,1.1909631082410246,0,0,False,False,False,True,False,True
fa7dd6be,38.54307998122624,0,0,26,0,1.4275214807861571,0,0,False,False,True,False,False,True
c52e3748,15.78254760670344,1,0,69,0,0.22546496581004916,0,1,False,False,True,False,False,False
0c152859,8.028913353508052,0,0,43,0,0.18247530348881938,0,1,True,False,False,False,False,False
30da3440,17.20998358102273,0,0,27,0,0.6146422707508118,0,0,True,False,False,False,False,True
263e550e,64.99385094218964,0,0,44,1,1.4443077987153252,0,0,False,False,False,True,False,False
8f359edd,39.08835744332963,0,0,16,0,2.299315143725272,0,0,False,False,True,False,False,True
ae215ce6,,0,1,39,0,,0,0,False,False,False,True,False,False
4120e693,40.36122913163919,0,1,2,1,13.453743043879731,0,0,False,False,True,False,True,False
6ea767a9,9.458039135362132,0,1,75,0,0.12444788336002804,0,1,False,False,True,False,False,False
606eb145,33.02050990512741,0,0,75,0,0.4344803934885186,0,1,False,False,True,False,False,False
a0855b7e,11.284469929646152,1,0,65,0,0.17097681711585078,0,1,True,False,False,False,False,False
6633a04d,8.316538651584958,1,0,45,0,0.1807943185127165,0,1,False,False,True,False,False,False
63af1a8d,72.2095615057526,0,0,85,0,0.8396460640203791,0,0,False,False,True,False,False,False
a41550a9,19.161009686891617,1,0,86,0,0.22024149065392665,0,1,False,False,True,False,False,False
507ec497,38.59429062922367,0,0,29,0,1.2864763543074558,0,0,False,False,False,False,False,True
412110c1,25.800797802635397,0,0,68,0,0.37392460583529563,0,1,True,False,False,False,False,False
75e4a2cd,10.181460194483266,1,0,8,1,1.131273354942585,0,0,False,False,False,False,False,True
dc901e9c,20.82933047399411,1,0,84,0,0.24505094675287187,0,1,True,False,False,False,False,False
be44223e,10.26508285291654,0,1,10,1,0.93318935026514,0,0,False,False,False,True,False,True
545e01fa,106.86686888525097,1,0,68,1,1.5487952012355213,0,0,False,False,False,False,False,False
2178171b,43.47966859672508,0,0,65,0,0.6587828575261375,0,1,False,False,False,True,False,False
f10d8770,25.437578604779915,1,1,87,1,0.2890633932361354,1,1,False,False,True,False,False,False
c4c06cc4,37.16208996157954,0,0,30,0,1.1987770955348238,0,0,False,False,False,True,False,True
1ec9ab66,41.56970082679977,0,0,32,0,1.2596879038424171,0,1,False,False,False,True,False,False
614d6a14,41.6459696753258,0,0,38,0,1.0678453762904052,0,1,False,False,False,True,False,False
b7d01d6f,40.424706064107504,0,0,45,0,0.8787979579153805,0,1,False,False,False,True,False,False
8278a8aa,38.300850086540805,0,1,36,1,1.0351581104470489,0,1,True,False,False,False,False,False
52c32665,27.0247669444621,1,0,59,1,0.45041278240770166,0,1,False,False,False,False,False,False
f0439cf6,68.59342685682331,0,0,30,0,2.2126911889297842,0,0,True,False,False,False,False,True
aafe09d4,28.328235354305622,0,0,10,0,2.575294123118693,0,0,True,False,False,False,False,True
e91a6876,25.998440607724493,0,0,86,0,0.2988326506634999,0,1,True,False,False,False,False,False
320c6fd8,28.50922492159645,0,1,1,1,14.254612460798224,0,0,False,False,False,True,True,False
9c87c0b9,,0,0,26,0,,0,0,True,False,False,False,False,True
054b1a7d,5.047468461787972,0,0,1,0,2.523734230893986,0,0,False,False,False,False,True,False
546b3b4a,12.14353703207586,0,0,20,0,0.5782636681940886,0,0,True,False,False,False,False,True
2dfb4454,23.053314162394177,0,0,57,0,0.39747093383438237,0,1,False,False,True,False,False,False
b8448b58,4.770870851351408,0,1,4,0,0.9541741702702817,0,0,False,False,False,True,True,False
0420e2ad,25.40665025464488,1,0,51,0,0.48858942797394,0,1,False,False,True,False,False,False
c78b8f82,29.738902225066077,1,0,44,0,0.6608644938903573,0,1,False,False,False,False,False,False
0e39548c,7.675927917473783,0,0,84,0,0.09030503432322097,0,1,False,False,False,False,False,False
b80c4cd0,14.86295464710476,0,0,19,0,0.743147732355238,0,0,False,False,False,False,False,True
